/*
Navicat MySQL Data Transfer

Source Server         : asd
Source Server Version : 50616
Source Host           : localhost:3306
Source Database       : sats

Target Server Type    : MYSQL
Target Server Version : 50616
File Encoding         : 65001

Date: 2017-02-10 18:21:57
*/

SET FOREIGN_KEY_CHECKS=0;

-- ----------------------------
-- Table structure for `account_table`
-- ----------------------------
DROP TABLE IF EXISTS `account_table`;
CREATE TABLE `account_table` (
  `emp_id` varchar(30) NOT NULL,
  `first_name` varchar(99) NOT NULL,
  `middle_name` varchar(99) DEFAULT NULL,
  `last_name` varchar(99) NOT NULL,
  `department` varchar(99) NOT NULL,
  `password` varchar(300) NOT NULL,
  `status` int(1) NOT NULL,
  PRIMARY KEY (`emp_id`)
) ENGINE=InnoDB DEFAULT CHARSET=latin1;

-- ----------------------------
-- Records of account_table
-- ----------------------------
INSERT INTO `account_table` VALUES ('CLN0002A', 'PAMARANGLAS', 'GLENOS', 'ARANZANSO', 'ADMINISTRATION', 'CLN0002A', '1');
INSERT INTO `account_table` VALUES ('CLN0003A', 'MAWANAY', 'MARIVIC', 'BAELLO', 'PROWARE', 'CLN0003A', '1');
INSERT INTO `account_table` VALUES ('CLN0004F', 'MARILOU', 'FACISTOL', 'BARTOLOME', 'FACULTY', 'CLN0004F', '1');
INSERT INTO `account_table` VALUES ('CLN0005F', 'CARLIT', 'SUZETTE', 'CRISOSTOMO', 'FACULTY', 'CLN0005F', '1');
INSERT INTO `account_table` VALUES ('CLN0006F', 'JOSEPHINE ANNE', 'DIONSON', 'DAFFON', 'BUILDING', 'CLN0006F', '1');
INSERT INTO `account_table` VALUES ('CLN0008F', 'ROWENA', 'SAN ANDRES', 'GARCIA', 'BUILDING', 'CLN0008F', '1');
INSERT INTO `account_table` VALUES ('CLN0009A', 'DONNA JOY', 'HERRERA', 'GODIO', 'BUILDING', 'CLN0009A', '1');
INSERT INTO `account_table` VALUES ('CLN0010A', 'LUISITO GREGORIO', 'SALAZAR', 'GUEVARA', 'BUILDING', 'CLN0010A', '1');
INSERT INTO `account_table` VALUES ('CLN0011F', 'MICHELLE', 'SEMENTILLA', 'GUINITARAN', 'BUILDING', 'CLN0011F', '1');
INSERT INTO `account_table` VALUES ('CLN0012F', 'JIMMY', 'BERNARDO', 'JOVERO', 'BUILDING', 'CLN0012F', '1');
INSERT INTO `account_table` VALUES ('CLN0013A', 'ARTEMIO', 'SERRATO', 'LUATON', 'BUILDING', 'CLN0013A', '1');
INSERT INTO `account_table` VALUES ('CLN0014F', 'EDITHA', 'AUSTRIA', 'MENDOZA', 'BUILDING', 'CLN0014F', '1');
INSERT INTO `account_table` VALUES ('CLN0015A', 'CRISDEL GERARD', 'GUEVARA', 'SALIMPADE', 'BUILDING', 'CLN0015A', '1');
INSERT INTO `account_table` VALUES ('CLN0016F', 'BERTHRAND KERWIN', 'TUAZON', 'SEVILLA', 'BUILDING', 'CLN0016F', '1');
INSERT INTO `account_table` VALUES ('CLN0017A', 'GINA', 'TUGNA', 'TERENCIO', 'BUILDING', 'CLN0017A', '1');
INSERT INTO `account_table` VALUES ('CLN0018P', 'ATHENA', 'MACAPAYAD', 'UNGRIANO', 'BUILDING', 'CLN0018P', '1');
INSERT INTO `account_table` VALUES ('CLN0019P', 'EMILY', 'VELASQUEZ', 'VILLAFLORES', 'BUILDING', 'CLN0019P', '1');
INSERT INTO `account_table` VALUES ('CLN0023F', 'HONORIO', 'ACLAN', 'MOJICA JR.', 'BUILDING', 'CLN0023F', '1');
INSERT INTO `account_table` VALUES ('CLN0024A', 'ROCHELLE', 'PERALTA', 'SANTIAGO', 'BUILDING', 'CLN0024A', '1');
INSERT INTO `account_table` VALUES ('CLN0025A', 'ARISTEO', 'AQUINO', 'VILLAFUERTE', 'BUILDING', 'CLN0025A', '1');
INSERT INTO `account_table` VALUES ('CLN0027A', 'ERWIN', 'PIKE', 'BA?EZ', 'BUILDING', 'CLN0027A', '1');
INSERT INTO `account_table` VALUES ('CLN0028A', 'ELVIRA', 'CANCINO', 'AMIDA', 'BUILDING', 'CLN0028A', '1');
INSERT INTO `account_table` VALUES ('CLN0030A', 'JANET', 'CA?ETE', 'POLICARPIO', 'BUILDING', 'CLN0030A', '1');
INSERT INTO `account_table` VALUES ('CLN0031A', 'EDWIN', 'SULIT', 'MATAYA', 'BUILDING', 'CLN0031A', '1');
INSERT INTO `account_table` VALUES ('CLN0032F', 'EMMALINE', 'VALENCIA', 'CUNANAN', 'BUILDING', 'CLN0032F', '1');
INSERT INTO `account_table` VALUES ('CLN0035A', 'RUFFA', 'MARI?O', 'SANTOS', 'BUILDING', 'CLN0035A', '1');
INSERT INTO `account_table` VALUES ('CLN0037F', 'BERNARD', 'AGUSTIN', 'MENDIOLA', 'BUILDING', 'CLN0037F', '1');
INSERT INTO `account_table` VALUES ('CLN0038F', 'RUVINA', 'TEOPE', 'MERCADO', 'BUILDING', 'CLN0038F', '1');
INSERT INTO `account_table` VALUES ('CLN0039A', 'ANNABELLE', 'ONANAD', 'VILLEGAS', 'BUILDING', 'CLN0039A', '1');
INSERT INTO `account_table` VALUES ('CLN0040A', 'JOEL', 'CORDERO', 'SAN DIEGO', 'BUILDING', 'CLN0040A', '1');
INSERT INTO `account_table` VALUES ('CLN0041A', 'ZENAIDA', 'TAPANG', 'CAGAYAN', 'BUILDING', 'CLN0041A', '1');
INSERT INTO `account_table` VALUES ('CLN0042A', 'MONICA', 'DELA ROSA', 'MALEDEO', 'BUILDING', 'CLN0042A', '1');
INSERT INTO `account_table` VALUES ('CLN0043F', 'JULIUS', 'PADERES', 'CLAOUR', 'BUILDING', 'CLN0043F', '1');
INSERT INTO `account_table` VALUES ('CLN0044F', 'WILSON', 'PEPITO', 'MENDOZA', 'BUILDING', 'CLN0044F', '1');
INSERT INTO `account_table` VALUES ('CLN0045F', 'BLENDA', 'BALLADA', 'BENSURTO', 'BUILDING', 'CLN0045F', '1');
INSERT INTO `account_table` VALUES ('CLN0046F', 'JAIME', 'ALCAZARIN', 'CANCHELA', 'BUILDING', 'CLN0046F', '1');
INSERT INTO `account_table` VALUES ('CLN0047F', 'JENNIFER', 'SALAS', 'DANILA', 'BUILDING', 'CLN0047F', '1');
INSERT INTO `account_table` VALUES ('CLN0048F', 'JENIEFER', 'CALDERON', 'ESPINO', 'BUILDING', 'CLN0048F', '1');
INSERT INTO `account_table` VALUES ('CLN0049P', 'PAULINE', 'CHOCO', 'GALINO', 'BUILDING', 'CLN0049P', '1');
INSERT INTO `account_table` VALUES ('CLN0050F', 'MARIO', 'CARREON', 'MORALES', 'BUILDING', 'CLN0050F', '1');
INSERT INTO `account_table` VALUES ('CLN0051F', 'DENNIS', 'SANCHEZ', 'NAVA', 'BUILDING', 'CLN0051F', '1');
INSERT INTO `account_table` VALUES ('CLN0052P', 'JEFFERSON', 'SORIANO', 'PABUSTAN', 'BUILDING', 'CLN0052P', '1');
INSERT INTO `account_table` VALUES ('CLN0053F', 'ANA AUREA', 'N/A', 'SANTIAGO', 'BUILDING', 'CLN0053F', '1');
INSERT INTO `account_table` VALUES ('CLN0054F', 'AUGUSTO', 'ANCHETA', 'SUNGA', 'BUILDING', 'CLN0054F', '1');
INSERT INTO `account_table` VALUES ('CLN0055F', 'FILIPINA', 'EVANGELISTA', 'MANUEL', 'BUILDING', 'CLN0055F', '1');
INSERT INTO `account_table` VALUES ('CLN0058P', 'NAPOLEON', 'START', 'OCAMPO', 'BUILDING', 'CLN0058P', '1');
INSERT INTO `account_table` VALUES ('CLN0059A', 'MICHAEL ALBERT', 'N/A', 'LIM', 'BUILDING', 'CLN0059A', '1');
INSERT INTO `account_table` VALUES ('CLN0060F', 'ARIANNE', 'SANTOS', 'HERRERA', 'BUILDING', 'CLN0060F', '1');
INSERT INTO `account_table` VALUES ('CLN0061A', 'JUAN PAULO', 'CALIXTO', 'NILAY', 'BUILDING', 'CLN0061A', '1');
INSERT INTO `account_table` VALUES ('CLN0062F', 'JOSEPH', 'MEDIANA', 'MANALASTAS', 'BUILDING', 'CLN0062F', '1');
INSERT INTO `account_table` VALUES ('CLN0064A', 'MARY GRACE', 'ZAMUDIO', 'CANDELARIO', 'BUILDING', 'CLN0064A', '1');
INSERT INTO `account_table` VALUES ('CLN0065F', 'REYNANTE', 'CASABA', 'SIDO', 'BUILDING', 'CLN0065F', '1');
INSERT INTO `account_table` VALUES ('CLN0066A', 'VALERIE ANN THERESE', 'MENDOZA', 'ALUNDAY', 'BUILDING', 'CLN0066A', '1');
INSERT INTO `account_table` VALUES ('CLN0067P', 'ARNOLD', 'DICHON', 'VIOLA', 'BUILDING', 'CLN0067P', '1');
INSERT INTO `account_table` VALUES ('CLN0070A', 'EMME LYN', 'UDAL', 'SORIA', 'BUILDING', 'CLN0070A', '1');
INSERT INTO `account_table` VALUES ('CLN0071F', 'ROBERT', 'ERPELO', 'ALMAZAN', 'BUILDING', 'CLN0071F', '1');
INSERT INTO `account_table` VALUES ('CLN0073F', 'BABY CYNTHIA', 'MALIGAYA', 'DIDAL', 'BUILDING', 'CLN0073F', '1');
INSERT INTO `account_table` VALUES ('CLN0075F', 'NESTER JAY', 'PADUA', 'MULDONG', 'BUILDING', 'CLN0075F', '1');
INSERT INTO `account_table` VALUES ('CLN0076F', 'JOCELYN', 'NU?EZ', 'QUIOZON', 'BUILDING', 'CLN0076F', '1');
INSERT INTO `account_table` VALUES ('CLN0080P', 'EMMANUEL', 'CABIA', 'AGUILAR', 'BUILDING', 'CLN0080P', '1');
INSERT INTO `account_table` VALUES ('CLN0082P', 'MA. ANGELA', 'ROA', 'TRINIDAD', 'BUILDING', 'CLN0082P', '1');
INSERT INTO `account_table` VALUES ('CLN0083A', 'RUBEN', 'GALVERO', 'SARZONA', 'BUILDING', 'CLN0083A', '1');
INSERT INTO `account_table` VALUES ('CLN0084F', 'FELIPE', 'FIGURACION', 'DAGDAG JR', 'BUILDING', 'CLN0084F', '1');
INSERT INTO `account_table` VALUES ('CLN0085F', 'RANDY JAMES', 'CUENCA', 'ADO-AN', 'BUILDING', 'CLN0085F', '1');
INSERT INTO `account_table` VALUES ('CLN0090F', 'REMIGIO', 'ENRIQUEZ', 'VITAN JR.', 'BUILDING', 'CLN0090F', '1');
INSERT INTO `account_table` VALUES ('CLN0093F', 'JAN KEVIN', 'MACASPAC', 'ALFARO', 'BUILDING', 'CLN0093F', '1');
INSERT INTO `account_table` VALUES ('CLN0094F', 'EDNA', 'PADUA', 'AQUINO', 'BUILDING', 'CLN0094F', '1');
INSERT INTO `account_table` VALUES ('CLN0095F', 'JOHN DAVE', 'REGACHO', 'BAUTISTA', 'BUILDING', 'CLN0095F', '1');
INSERT INTO `account_table` VALUES ('CLN0096F', 'TIFFANY MICHELLE', 'SY', 'CHUA', 'BUILDING', 'CLN0096F', '1');
INSERT INTO `account_table` VALUES ('CLN0097F', 'EDITA', 'ENTE', 'DE GUZMAN', 'BUILDING', 'CLN0097F', '1');
INSERT INTO `account_table` VALUES ('CLN0099F', 'FLORINDA', 'ONANDIA', 'ISAAC', 'BUILDING', 'CLN0099F', '1');
INSERT INTO `account_table` VALUES ('CLN0100F', 'ROMMEL', 'TOLENTINO', 'LAGASCA', 'BUILDING', 'CLN0100F', '1');
INSERT INTO `account_table` VALUES ('CLN0102F', 'DANIEL KARLO', 'GARCIA', 'LUCAS', 'BUILDING', 'CLN0102F', '1');
INSERT INTO `account_table` VALUES ('CLN0103F', 'RICHARD', 'ROCE', 'MAESTRE', 'BUILDING', 'CLN0103F', '1');
INSERT INTO `account_table` VALUES ('CLN0104F', 'ROBINSON', 'LASIN', 'MAPA', 'BUILDING', 'CLN0104F', '1');
INSERT INTO `account_table` VALUES ('CLN0105F', 'RIA', 'N/A', 'OROLFO', 'BUILDING', 'CLN0105F', '1');
INSERT INTO `account_table` VALUES ('CLN0106F', 'JESSICA CRYSTIN', 'LU', 'PERALTA', 'BUILDING', 'CLN0106F', '1');
INSERT INTO `account_table` VALUES ('CLN0110P', 'RACHELLE', 'DIVINASFLORES', 'BASILIO', 'BUILDING', 'CLN0110P', '1');
INSERT INTO `account_table` VALUES ('CLN0120F', 'JULLA', 'CATALAN', 'OSABEL', 'BUILDING', 'CLN0120F', '1');
INSERT INTO `account_table` VALUES ('CLN0122F', 'KAREN ANNE', 'TIBAYAN', 'SALAPONG', 'BUILDING', 'CLN0122F', '1');
INSERT INTO `account_table` VALUES ('CLN0123F', 'MARCELO', 'ESPINO', 'VARONA', 'BUILDING', 'CLN0123F', '1');
INSERT INTO `account_table` VALUES ('CLN0127P', 'CARYL', 'RASCO', 'BULAY', 'BUILDING', 'CLN0127P', '1');
INSERT INTO `account_table` VALUES ('CLN0136P', 'ALVIN RAY', 'DRIZA', 'ESTIVA', 'BUILDING', 'CLN0136P', '1');
INSERT INTO `account_table` VALUES ('CLN0138F', 'JOSIELYN', 'CORCINO', 'BIRON', 'BUILDING', 'CLN0138F', '1');
INSERT INTO `account_table` VALUES ('CLN0141F', 'MELODY', 'JORNADAL', 'DACANAY', 'BUILDING', 'CLN0141F', '1');
INSERT INTO `account_table` VALUES ('CLN0142F', 'GIRLIE', 'BUGTONG', 'LORENO', 'BUILDING', 'CLN0142F', '1');
INSERT INTO `account_table` VALUES ('CLN0143F', 'MERLE', 'PALAROAN', 'LASCANO', 'BUILDING', 'CLN0143F', '1');
INSERT INTO `account_table` VALUES ('CLN0147A', 'VIRMIE', 'CENTENO', 'ARENAS', 'BUILDING', 'CLN0147A', '1');
INSERT INTO `account_table` VALUES ('CLN0149A', 'SHARMAINE', 'TUMAQUE', 'PEREDA', 'BUILDING', 'CLN0149A', '1');
INSERT INTO `account_table` VALUES ('CLN0152F', 'MENCHU', 'EVANGELISTA', 'DELA CRUZ', 'BUILDING', 'CLN0152F', '1');
INSERT INTO `account_table` VALUES ('CLN0158F', 'JHON ANGELO', 'MERGANO', 'SAN ANDRES', 'BUILDING', 'CLN0158F', '1');
INSERT INTO `account_table` VALUES ('CLN0162A', 'MARIA ELENA', 'ROMERO', 'OBALDO', 'BUILDING', 'CLN0162A', '1');
INSERT INTO `account_table` VALUES ('CLN0163A', 'CATHERINE', 'IBA?EZ', 'CANO', 'BUILDING', 'CLN0163A', '1');
INSERT INTO `account_table` VALUES ('CLN0165A', 'CARLA MARIE', 'DUBLIN', 'ROSARIO', 'BUILDING', 'CLN0165A', '1');
INSERT INTO `account_table` VALUES ('CLN0166F', 'GRETHELYN', 'MALSI', 'BARREDO', 'BUILDING', 'CLN0166F', '1');
INSERT INTO `account_table` VALUES ('CLN0168F', 'ALFON JOHN', 'N/A', 'BERMUDO', 'BUILDING', 'CLN0168F', '1');
INSERT INTO `account_table` VALUES ('CLN0172F', 'ARMANDO', 'GESOLGANI', 'ENALAN JR.', 'BUILDING', 'CLN0172F', '1');
INSERT INTO `account_table` VALUES ('CLN0173F', 'JUNE ROSE', 'AGONOY', 'ESTRADA', 'BUILDING', 'CLN0173F', '1');
INSERT INTO `account_table` VALUES ('CLN0174F', 'NADINE', 'TECSON', 'MENDOZA', 'BUILDING', 'CLN0174F', '1');
INSERT INTO `account_table` VALUES ('CLN0176F', 'ALVIN', 'SALAZAR', 'ROSALES', 'BUILDING', 'CLN0176F', '1');
INSERT INTO `account_table` VALUES ('CLN0177F', 'JENNIFER', 'TRIA', 'VINLUAN', 'BUILDING', 'CLN0177F', '1');
INSERT INTO `account_table` VALUES ('CLN0178P', 'RONELSON', 'PADAGAS', 'BULAO', 'BUILDING', 'CLN0178P', '1');
INSERT INTO `account_table` VALUES ('CLN0179P', 'MARK LESTER', 'CRISOSTOMO', 'CUAYZON', 'BUILDING', 'CLN0179P', '1');
INSERT INTO `account_table` VALUES ('CLN0183P', 'ERIC', 'LASIN', 'MALABANAN', 'BUILDING', 'CLN0183P', '1');
INSERT INTO `account_table` VALUES ('CLN0184P', 'MARIE ANTONETTE', 'CABRERA', 'MARCELO', 'BUILDING', 'CLN0184P', '1');
INSERT INTO `account_table` VALUES ('CLN0185P', 'RUEL', 'HALDOS', 'PALCUTO', 'BUILDING', 'CLN0185P', '1');
INSERT INTO `account_table` VALUES ('CLN0186P', 'ALYANA', 'TORRES', 'SALIDO', 'BUILDING', 'CLN0186P', '1');
INSERT INTO `account_table` VALUES ('CLN0189F', 'ISIDRO', 'NONES', 'ERISPE', 'BUILDING', 'CLN0189F', '1');
INSERT INTO `account_table` VALUES ('CLN0190F', 'MARVIN', 'FLORES', 'MEDINA', 'BUILDING', 'CLN0190F', '1');
INSERT INTO `account_table` VALUES ('CLN0192F', 'MAR ELI', 'CONSTANTINO', 'SAGSAGAT', 'BUILDING', 'CLN0192F', '1');
INSERT INTO `account_table` VALUES ('CLN0193F', 'GLENN CARLO', 'GALANG', 'TIMAJO', 'BUILDING', 'CLN0193F', '1');
INSERT INTO `account_table` VALUES ('CLN0195P', 'REYNALDO', 'TORRES', 'SALIDO JR.', 'BUILDING', 'CLN0195P', '1');
INSERT INTO `account_table` VALUES ('CLN0197F', 'REYZIEL', 'SAMONTE', 'ALZATE', 'BUILDING', 'CLN0197F', '1');
INSERT INTO `account_table` VALUES ('CLN0198F', 'MICHAEL ANGELO', 'PARANADA', 'ARABE', 'BUILDING', 'CLN0198F', '1');
INSERT INTO `account_table` VALUES ('CLN0199F', 'JAY JEROME', 'CAPARAS', 'BUCE', 'BUILDING', 'CLN0199F', '1');
INSERT INTO `account_table` VALUES ('CLN0200F', 'EUNICE', 'DARASIN', 'TAYABAS', 'BUILDING', 'CLN0200F', '1');
INSERT INTO `account_table` VALUES ('CLN0201P', 'AARON BREN', 'EVANGELISTA', 'JULATON', 'BUILDING', 'CLN0201P', '1');
INSERT INTO `account_table` VALUES ('CLN0204F', 'MELISSA', 'MELENDRES', 'CAABAY', 'BUILDING', 'CLN0204F', '1');
INSERT INTO `account_table` VALUES ('CLN0205F', 'GELITA', 'GERIENTE', 'COLON', 'BUILDING', 'CLN0205F', '1');
INSERT INTO `account_table` VALUES ('CLN0207F', 'MA. LORENA', 'TODOC', 'CALAUOD', 'BUILDING', 'CLN0207F', '1');
INSERT INTO `account_table` VALUES ('CLN0210F', 'EDWARD', 'BONIFACIO', 'LACAP', 'BUILDING', 'CLN0210F', '1');
INSERT INTO `account_table` VALUES ('CLN0218A', 'WITTY MAE', 'REAS', 'VITASA', 'BUILDING', 'CLN0218A', '1');
INSERT INTO `account_table` VALUES ('CLN0219F', 'MA. CRISTINA', 'MAGARZO', 'CAPELLAN', 'BUILDING', 'CLN0219F', '1');
INSERT INTO `account_table` VALUES ('CLN0221P', 'CLARISA', 'CRISOSTOMO', 'AVILA', 'BUILDING', 'CLN0221P', '1');
INSERT INTO `account_table` VALUES ('CLN0222F', 'MARC ARDIE', 'VILLAGRACIA', 'ARDIENTE', 'BUILDING', 'CLN0222F', '1');
INSERT INTO `account_table` VALUES ('CLN0224F', 'SHIENNA MARIE', 'BALTAZAR', 'SALVADOR', 'BUILDING', 'CLN0224F', '1');
INSERT INTO `account_table` VALUES ('CLN0226F', 'CHARLENE ANTOINETTE', 'MAMARIL', 'JAVIER', 'BUILDING', 'CLN0226F', '1');
INSERT INTO `account_table` VALUES ('CLN0227P', 'TOSHIO AKIRA', 'N/A', 'CAPINTOG', 'BUILDING', 'CLN0227P', '1');
INSERT INTO `account_table` VALUES ('CLN0228F', 'MARY GRACE', 'VILLAFLOR', 'TABANGCURA', 'BUILDING', 'CLN0228F', '1');
INSERT INTO `account_table` VALUES ('CLN0229A', 'APPLE', 'FIDELES', 'RASAY', 'BUILDING', 'CLN0229A', '1');
INSERT INTO `account_table` VALUES ('CLN0230A', 'JONALYN', 'GONZALES', 'VILA', 'BUILDING', 'CLN0230A', '1');
INSERT INTO `account_table` VALUES ('CLN0231F', 'EDZEL', 'DEVELOS', 'BATUIGAS', 'BUILDING', 'CLN0231F', '1');
INSERT INTO `account_table` VALUES ('CLN0232F', 'JENIFFER', 'ROSARIO', 'BRILLANTES', 'BUILDING', 'CLN0232F', '1');
INSERT INTO `account_table` VALUES ('CLN0233F', 'GLARE ANNE', 'ENRIQUEZ', 'BUSANO', 'BUILDING', 'CLN0233F', '1');
INSERT INTO `account_table` VALUES ('CLN0234F', 'MARK GUILER', 'N/A', 'CUEVAS', 'BUILDING', 'CLN0234F', '1');
INSERT INTO `account_table` VALUES ('CLN0235F', 'BRYAN', 'PASCUAL', 'DE GUZMAN', 'BUILDING', 'CLN0235F', '1');
INSERT INTO `account_table` VALUES ('CLN0236F', 'PHILIP ELEAZAR', 'DIOKNO', 'FAUSTINO', 'BUILDING', 'CLN0236F', '1');
INSERT INTO `account_table` VALUES ('CLN0237F', 'LOIDA', 'BAUTISTA', 'FURISCAL', 'BUILDING', 'CLN0237F', '1');
INSERT INTO `account_table` VALUES ('CLN0238F', 'JIREH', 'GACAYAN', 'GABASA', 'BUILDING', 'CLN0238F', '1');
INSERT INTO `account_table` VALUES ('CLN0239F', 'LAURENCE GERON', 'PAR', 'GONZALES', 'BUILDING', 'CLN0239F', '1');
INSERT INTO `account_table` VALUES ('CLN0240F', 'DANIEL', 'SOLIS', 'JAUCIAN', 'BUILDING', 'CLN0240F', '1');
INSERT INTO `account_table` VALUES ('CLN0241F', 'JAYMA ROSE', 'TANTAY', 'LOBATON', 'BUILDING', 'CLN0241F', '1');
INSERT INTO `account_table` VALUES ('CLN0242F', 'MARIA PAZ', 'DEVANADERA', 'LOPEZ', 'BUILDING', 'CLN0242F', '1');
INSERT INTO `account_table` VALUES ('CLN0243F', 'MARIA FE ROWENA', 'YUSON', 'MAGCALE', 'BUILDING', 'CLN0243F', '1');
INSERT INTO `account_table` VALUES ('CLN0244F', 'NEIL PATRICK', 'MARCOS', 'MARTIN', 'BUILDING', 'CLN0244F', '1');
INSERT INTO `account_table` VALUES ('CLN0245F', 'RIZCHEL', 'MEJORADO', 'MASONG', 'BUILDING', 'CLN0245F', '1');
INSERT INTO `account_table` VALUES ('CLN0246F', 'JOHN PAUL', 'CATANGHAL', 'MORALES', 'BUILDING', 'CLN0246F', '1');
INSERT INTO `account_table` VALUES ('CLN0247F', 'MARA CAMILLE', 'BALBERO', 'NA?EZ', 'BUILDING', 'CLN0247F', '1');
INSERT INTO `account_table` VALUES ('CLN0248F', 'JENNIFER', 'DULALIA', 'ORTIZ', 'BUILDING', 'CLN0248F', '1');
INSERT INTO `account_table` VALUES ('CLN0249F', 'RAGINE FHEL', 'ABAYON', 'PANALIGAN', 'BUILDING', 'CLN0249F', '1');
INSERT INTO `account_table` VALUES ('CLN0250F', 'JUDITH ALLYSON', 'ABU', 'RAEL', 'BUILDING', 'CLN0250F', '1');
INSERT INTO `account_table` VALUES ('CLN0251F', 'ANNA CHERRY', 'BELLEZA', 'RECLUTA', 'BUILDING', 'CLN0251F', '1');
INSERT INTO `account_table` VALUES ('CLN0252F', 'NICOLE', 'BEUNO', 'RIBANO', 'BUILDING', 'CLN0252F', '1');
INSERT INTO `account_table` VALUES ('CLN0253F', 'JOHN KENNETH', 'OMBAJEN', 'SANTOS', 'BUILDING', 'CLN0253F', '1');
INSERT INTO `account_table` VALUES ('CLN0254F', 'RACHELLE ANN', 'SOCAO', 'SANTOS', 'BUILDING', 'CLN0254F', '1');
INSERT INTO `account_table` VALUES ('CLN0255F', 'JESSIE', 'DELFIN', 'TORRES', 'BUILDING', 'CLN0255F', '1');
INSERT INTO `account_table` VALUES ('CLN0256F', 'JOVELYN ANN', 'URRETA', 'VILLAMATER', 'BUILDING', 'CLN0256F', '1');
INSERT INTO `account_table` VALUES ('CLN0257F', 'RICHELLE', 'TOLEDANES', 'BEAQUIN', 'BUILDING', 'CLN0257F', '1');
INSERT INTO `account_table` VALUES ('CLN0258F', 'ANGELO', 'SILVA', 'BONGA', 'BUILDING', 'CLN0258F', '1');
INSERT INTO `account_table` VALUES ('CLN0259F', 'KAMIL JADE', 'AQUINO', 'CORPUZ', 'BUILDING', 'CLN0259F', '1');
INSERT INTO `account_table` VALUES ('CLN0260F', 'ROCHELLE ANN', 'VILLAPA?A', 'RONDOLO', 'BUILDING', 'CLN0260F', '1');
INSERT INTO `account_table` VALUES ('CLN0261F', 'JONASELLE', 'ONG', 'CRISTOBAL', 'BUILDING', 'CLN0261F', '1');
INSERT INTO `account_table` VALUES ('CLN0262F', 'JESRAH', 'DELOS REYES', 'GALICHA', 'BUILDING', 'CLN0262F', '1');
INSERT INTO `account_table` VALUES ('CLN0263F', 'JHESA', 'DAVID', 'BAISA', 'BUILDING', 'CLN0263F', '1');
INSERT INTO `account_table` VALUES ('CLN0264F', 'MARY JANE', 'GIRON', 'OCAMPO', 'BUILDING', 'CLN0264F', '1');
INSERT INTO `account_table` VALUES ('CLN0265F', 'FLORIZA', 'NOLASCO', 'GONZALES', 'BUILDING', 'CLN0265F', '1');
INSERT INTO `account_table` VALUES ('CLN0266F', 'EVANGELINE', 'ALMIRON', 'MIRANDA', 'BUILDING', 'CLN0266F', '1');
INSERT INTO `account_table` VALUES ('CLN0267F', 'VIVOE', 'ROBERTO', 'ABARIENTOS', 'BUILDING', 'CLN0267F', '1');
INSERT INTO `account_table` VALUES ('CLN0268F', 'MORRIS MARCO', 'SANTOS', 'LIM', 'BUILDING', 'CLN0268F', '1');
INSERT INTO `account_table` VALUES ('CLN0269F', 'MARK JOHNSON', 'FADERES', 'TACLAHAN', 'BUILDING', 'CLN0269F', '1');
INSERT INTO `account_table` VALUES ('CLN0270F', 'ANDREA', 'TABING', 'TAYCO', 'BUILDING', 'CLN0270F', '1');
INSERT INTO `account_table` VALUES ('CLN0271P', 'CECILIA', 'LINGATONG', 'BACARES', 'BUILDING', 'CLN0271P', '1');
INSERT INTO `account_table` VALUES ('CLN0272P', 'JOSEPH REYNALD', 'AUSTRIA', 'RONQUILLO', 'BUILDING', 'CLN0272P', '1');
INSERT INTO `account_table` VALUES ('CLN0273F', 'MARIA LUZ', 'BUNAG', 'SABENIANO', 'BUILDING', 'CLN0273F', '1');
INSERT INTO `account_table` VALUES ('CLN0274P', 'JOEL', 'GONZALES', 'VEDASTO', 'BUILDING', 'CLN0274P', '1');
INSERT INTO `account_table` VALUES ('CLN0275F', 'RV CYRILLE', 'DIZON', 'MERTO', 'BUILDING', 'CLN0275F', '1');
INSERT INTO `account_table` VALUES ('CLN0276P', 'JOANNA MARIE', 'CAROLINO', 'ROQUE', 'BUILDING', 'CLN0276P', '1');
INSERT INTO `account_table` VALUES ('CLN0277P', 'AURORA', 'LACSON', 'NAVARRO', 'BUILDING', 'CLN0277P', '1');
INSERT INTO `account_table` VALUES ('CLN0278F', 'GABRIEL', 'LUCERNAS', 'PASCUAL', 'BUILDING', 'CLN0278F', '1');
INSERT INTO `account_table` VALUES ('CLN0279F', 'GRACE', 'CABRAL', 'RONQUILLO', 'BUILDING', 'CLN0279F', '1');
INSERT INTO `account_table` VALUES ('CLN0281A', 'EUSEBIO', 'GUTTIEREZ', 'MURILLO', 'BUILDING', 'CLN0281A', '1');
INSERT INTO `account_table` VALUES ('CLN0291A', 'EDWARD DAVES', '', 'MIRAVETE', 'BUILDING', 'CLN0291A', '1');

-- ----------------------------
-- Table structure for `admin`
-- ----------------------------
DROP TABLE IF EXISTS `admin`;
CREATE TABLE `admin` (
  `emp_id` varchar(30) NOT NULL,
  `first_name` varchar(99) NOT NULL,
  `middle_name` varchar(99) NOT NULL,
  `last_name` varchar(99) NOT NULL,
  `password` varchar(99) NOT NULL,
  PRIMARY KEY (`emp_id`)
) ENGINE=InnoDB DEFAULT CHARSET=latin1;

-- ----------------------------
-- Records of admin
-- ----------------------------
INSERT INTO `admin` VALUES ('admin', 'Marivic', 'Mawanay', 'Baello', 'admin');

-- ----------------------------
-- Table structure for `audit_trail_condition`
-- ----------------------------
DROP TABLE IF EXISTS `audit_trail_condition`;
CREATE TABLE `audit_trail_condition` (
  `action` varchar(255) NOT NULL,
  `date` varchar(255) DEFAULT NULL
) ENGINE=InnoDB DEFAULT CHARSET=latin1;

-- ----------------------------
-- Records of audit_trail_condition
-- ----------------------------

-- ----------------------------
-- Table structure for `audit_trail_location`
-- ----------------------------
DROP TABLE IF EXISTS `audit_trail_location`;
CREATE TABLE `audit_trail_location` (
  `action` varchar(255) NOT NULL,
  `date` varchar(255) DEFAULT NULL
) ENGINE=InnoDB DEFAULT CHARSET=latin1;

-- ----------------------------
-- Records of audit_trail_location
-- ----------------------------

-- ----------------------------
-- Table structure for `borrow_request`
-- ----------------------------
DROP TABLE IF EXISTS `borrow_request`;
CREATE TABLE `borrow_request` (
  `request_code` int(11) NOT NULL,
  `id` int(11) NOT NULL,
  `qty` int(11) NOT NULL,
  `condition_id` int(2) NOT NULL,
  `old_loc_id` int(11) NOT NULL,
  `new_loc_id` int(11) NOT NULL,
  `transfer_to` varchar(30) NOT NULL,
  `released_from` varchar(30) NOT NULL,
  `remarks` varchar(300) DEFAULT NULL,
  `date_request` datetime NOT NULL,
  `date_borrow` datetime NOT NULL,
  `emp_approval` int(1) NOT NULL,
  `date_approved` datetime NOT NULL,
  PRIMARY KEY (`request_code`,`id`,`condition_id`,`old_loc_id`,`released_from`)
) ENGINE=InnoDB DEFAULT CHARSET=latin1;

-- ----------------------------
-- Records of borrow_request
-- ----------------------------

-- ----------------------------
-- Table structure for `borrow_request_history`
-- ----------------------------
DROP TABLE IF EXISTS `borrow_request_history`;
CREATE TABLE `borrow_request_history` (
  `ctrl_no` varchar(30) NOT NULL,
  `sy` varchar(4) NOT NULL,
  `no` int(11) NOT NULL,
  `request_code` int(11) NOT NULL,
  `id` int(11) NOT NULL,
  `qty` int(11) NOT NULL,
  `condition_id` int(11) NOT NULL,
  `old_loc_id` int(11) NOT NULL,
  `new_loc_Id` int(11) NOT NULL,
  `borrowed_to` varchar(30) NOT NULL,
  `released_from` varchar(30) NOT NULL,
  `remarks` varchar(300) DEFAULT NULL,
  `date_approved` datetime NOT NULL,
  `date_returned` datetime NOT NULL,
  `date_actual_returned` datetime NOT NULL,
  PRIMARY KEY (`ctrl_no`,`id`,`condition_id`,`old_loc_id`,`released_from`)
) ENGINE=InnoDB DEFAULT CHARSET=latin1;

-- ----------------------------
-- Records of borrow_request_history
-- ----------------------------

-- ----------------------------
-- Table structure for `condition_info`
-- ----------------------------
DROP TABLE IF EXISTS `condition_info`;
CREATE TABLE `condition_info` (
  `id` int(2) NOT NULL AUTO_INCREMENT,
  `condition_info` varchar(300) NOT NULL,
  PRIMARY KEY (`id`)
) ENGINE=InnoDB AUTO_INCREMENT=5 DEFAULT CHARSET=latin1;

-- ----------------------------
-- Records of condition_info
-- ----------------------------
INSERT INTO `condition_info` VALUES ('1', 'GOOD');
INSERT INTO `condition_info` VALUES ('2', 'FAIR');
INSERT INTO `condition_info` VALUES ('3', 'POOR');
INSERT INTO `condition_info` VALUES ('4', 'SCRAP');

-- ----------------------------
-- Table structure for `ctrl_sy`
-- ----------------------------
DROP TABLE IF EXISTS `ctrl_sy`;
CREATE TABLE `ctrl_sy` (
  `sy` varchar(4) NOT NULL,
  PRIMARY KEY (`sy`)
) ENGINE=InnoDB DEFAULT CHARSET=latin1;

-- ----------------------------
-- Records of ctrl_sy
-- ----------------------------

-- ----------------------------
-- Table structure for `location`
-- ----------------------------
DROP TABLE IF EXISTS `location`;
CREATE TABLE `location` (
  `id` int(2) NOT NULL AUTO_INCREMENT,
  `location` varchar(300) NOT NULL,
  PRIMARY KEY (`id`)
) ENGINE=InnoDB AUTO_INCREMENT=297 DEFAULT CHARSET=latin1;

-- ----------------------------
-- Records of location
-- ----------------------------
INSERT INTO `location` VALUES ('1', '2ND FLOOR');
INSERT INTO `location` VALUES ('2', '2ND FLOOR - 201');
INSERT INTO `location` VALUES ('3', '2ND FLOOR - 202');
INSERT INTO `location` VALUES ('4', '2ND FLOOR - 202 STORAGE');
INSERT INTO `location` VALUES ('5', '2ND FLOOR - 203');
INSERT INTO `location` VALUES ('6', '2ND FLOOR - 204');
INSERT INTO `location` VALUES ('7', '2ND FLOOR - 205');
INSERT INTO `location` VALUES ('8', '2ND FLOOR - 206');
INSERT INTO `location` VALUES ('9', '2ND FLOOR - 206 ');
INSERT INTO `location` VALUES ('10', '2ND FLOOR - 207');
INSERT INTO `location` VALUES ('11', '2ND FLOOR - 208');
INSERT INTO `location` VALUES ('12', '2ND FLOOR - 209');
INSERT INTO `location` VALUES ('13', '2ND FLOOR - 210');
INSERT INTO `location` VALUES ('14', '2ND FLOOR - 210 STORAGE');
INSERT INTO `location` VALUES ('15', '2ND FLOOR - 211');
INSERT INTO `location` VALUES ('16', '2ND FLOOR - 212');
INSERT INTO `location` VALUES ('17', '2ND FLOOR - 212 GLASS');
INSERT INTO `location` VALUES ('18', '2ND FLOOR - 311');
INSERT INTO `location` VALUES ('19', '2ND FLOOR - 312');
INSERT INTO `location` VALUES ('20', '2ND FLOOR - AUXILLIARY');
INSERT INTO `location` VALUES ('21', '2ND FLOOR - CR');
INSERT INTO `location` VALUES ('22', '2ND FLOOR - EE');
INSERT INTO `location` VALUES ('23', '2ND FLOOR - ELEVATOR ENTRANCE');
INSERT INTO `location` VALUES ('24', '2ND FLOOR - ELEVATOR FA?ADE');
INSERT INTO `location` VALUES ('25', '2ND FLOOR - GLASS');
INSERT INTO `location` VALUES ('26', '2ND FLOOR - STAIRWAY 1');
INSERT INTO `location` VALUES ('27', '2ND FLOOR - STAIRWAY 2');
INSERT INTO `location` VALUES ('28', '2ND FLOOR - STAIRWAY 3');
INSERT INTO `location` VALUES ('29', '2ND FLOOR - STORAGE');
INSERT INTO `location` VALUES ('30', '2ND FLOOR- C. R FEMALE');
INSERT INTO `location` VALUES ('31', '3RD FLOOR');
INSERT INTO `location` VALUES ('32', '3RD FLOOR - 301');
INSERT INTO `location` VALUES ('33', '3RD FLOOR - 301 GLASS');
INSERT INTO `location` VALUES ('34', '3RD FLOOR - 302');
INSERT INTO `location` VALUES ('35', '3RD FLOOR - 302 STORAGE');
INSERT INTO `location` VALUES ('36', '3RD FLOOR - 303');
INSERT INTO `location` VALUES ('37', '3RD FLOOR - 304');
INSERT INTO `location` VALUES ('38', '3RD FLOOR - 305');
INSERT INTO `location` VALUES ('39', '3RD FLOOR - 306');
INSERT INTO `location` VALUES ('40', '3RD FLOOR - 307');
INSERT INTO `location` VALUES ('41', '3RD FLOOR - 308');
INSERT INTO `location` VALUES ('42', '3RD FLOOR - 309');
INSERT INTO `location` VALUES ('43', '3RD FLOOR - 310');
INSERT INTO `location` VALUES ('44', '3RD FLOOR - 311');
INSERT INTO `location` VALUES ('45', '3RD FLOOR - 312');
INSERT INTO `location` VALUES ('46', '3RD FLOOR - 312 GLASS');
INSERT INTO `location` VALUES ('47', '3RD FLOOR - AUXILLIARY');
INSERT INTO `location` VALUES ('48', '3RD FLOOR - EE');
INSERT INTO `location` VALUES ('49', '3RD FLOOR - EE ');
INSERT INTO `location` VALUES ('50', '3RD FLOOR - ELEVATOR');
INSERT INTO `location` VALUES ('51', '3RD FLOOR - ELEVATOR ENTRANCE');
INSERT INTO `location` VALUES ('52', '3RD FLOOR - IDF');
INSERT INTO `location` VALUES ('53', '3RD FLOOR - STAIRWAY 1');
INSERT INTO `location` VALUES ('54', '3RD FLOOR - STAIRWAY 2');
INSERT INTO `location` VALUES ('55', '3RD FLOOR - STAIRWAY3');
INSERT INTO `location` VALUES ('56', '3RD FLOOR - STORAGE');
INSERT INTO `location` VALUES ('57', '3RD FLOOR HALLWAY');
INSERT INTO `location` VALUES ('58', '4TH FLOOR');
INSERT INTO `location` VALUES ('59', '4TH FLOOR -  410');
INSERT INTO `location` VALUES ('60', '4TH FLOOR - 401');
INSERT INTO `location` VALUES ('61', '4TH FLOOR - 402');
INSERT INTO `location` VALUES ('62', '4TH FLOOR - 402 STORAGE');
INSERT INTO `location` VALUES ('63', '4TH FLOOR - 403');
INSERT INTO `location` VALUES ('64', '4TH FLOOR - 404');
INSERT INTO `location` VALUES ('65', '4TH FLOOR - 405');
INSERT INTO `location` VALUES ('66', '4TH FLOOR - 406');
INSERT INTO `location` VALUES ('67', '4TH FLOOR - 407');
INSERT INTO `location` VALUES ('68', '4TH FLOOR - 408');
INSERT INTO `location` VALUES ('69', '4TH FLOOR - 408A');
INSERT INTO `location` VALUES ('70', '4TH FLOOR - 409');
INSERT INTO `location` VALUES ('71', '4TH FLOOR - 409A');
INSERT INTO `location` VALUES ('72', '4TH FLOOR - 409B');
INSERT INTO `location` VALUES ('73', '4TH FLOOR - 410');
INSERT INTO `location` VALUES ('74', '4TH FLOOR - 410 STORAGE');
INSERT INTO `location` VALUES ('75', '4TH FLOOR - AUXILLIARY');
INSERT INTO `location` VALUES ('76', '4TH FLOOR - EE');
INSERT INTO `location` VALUES ('77', '4TH FLOOR - ELEVATOR ENTRANCE');
INSERT INTO `location` VALUES ('78', '4TH FLOOR - GLASS');
INSERT INTO `location` VALUES ('79', '4TH FLOOR - STAIRWAY 1');
INSERT INTO `location` VALUES ('80', '4TH FLOOR - STAIRWAY 2');
INSERT INTO `location` VALUES ('81', '4TH FLOOR - STAIRWAY 3');
INSERT INTO `location` VALUES ('82', '4TH FLOOR - STORAGE');
INSERT INTO `location` VALUES ('83', '4TH FLOOR - STORAGE ROOM');
INSERT INTO `location` VALUES ('84', '5TH FLOOR');
INSERT INTO `location` VALUES ('85', '5TH FLOOR -  AUXILLIARY');
INSERT INTO `location` VALUES ('86', '5TH FLOOR - 404');
INSERT INTO `location` VALUES ('87', '5TH FLOOR - 501');
INSERT INTO `location` VALUES ('88', '5TH FLOOR - 501 GLASS');
INSERT INTO `location` VALUES ('89', '5TH FLOOR - 501 STORAGE');
INSERT INTO `location` VALUES ('90', '5TH FLOOR - 502');
INSERT INTO `location` VALUES ('91', '5TH FLOOR - 502 STORAGE');
INSERT INTO `location` VALUES ('92', '5TH FLOOR - 503');
INSERT INTO `location` VALUES ('93', '5TH FLOOR - 504');
INSERT INTO `location` VALUES ('94', '5TH FLOOR - 505');
INSERT INTO `location` VALUES ('95', '5TH FLOOR - 506');
INSERT INTO `location` VALUES ('96', '5TH FLOOR - 507');
INSERT INTO `location` VALUES ('97', '5TH FLOOR - 508');
INSERT INTO `location` VALUES ('98', '5TH FLOOR - 509');
INSERT INTO `location` VALUES ('99', '5TH FLOOR - 510');
INSERT INTO `location` VALUES ('100', '5TH FLOOR - 510 STORAGE');
INSERT INTO `location` VALUES ('101', '5TH FLOOR - 511');
INSERT INTO `location` VALUES ('102', '5TH FLOOR - 512');
INSERT INTO `location` VALUES ('103', '5TH FLOOR - 512 GLASS');
INSERT INTO `location` VALUES ('104', '5TH FLOOR - AUXILLIARY');
INSERT INTO `location` VALUES ('105', '5TH FLOOR - AUXILLIARY ROOM');
INSERT INTO `location` VALUES ('106', '5TH FLOOR - CANTEEN');
INSERT INTO `location` VALUES ('107', '5TH FLOOR - EE');
INSERT INTO `location` VALUES ('108', '5TH FLOOR - EE ROOM');
INSERT INTO `location` VALUES ('109', '5TH FLOOR - ELEVATOR ENTRANCE');
INSERT INTO `location` VALUES ('110', '5TH FLOOR - ELEVATOR FACADE');
INSERT INTO `location` VALUES ('111', '5TH FLOOR - STAIRWAY 1');
INSERT INTO `location` VALUES ('112', '5TH FLOOR - STAIRWAY 2');
INSERT INTO `location` VALUES ('113', '5TH FLOOR - STAIRWAY 3');
INSERT INTO `location` VALUES ('114', '5TH FLOOR - STORAGE');
INSERT INTO `location` VALUES ('115', '5TH FLOOR ELEVATOR');
INSERT INTO `location` VALUES ('116', '6ND FLOOR - 601 GLASS');
INSERT INTO `location` VALUES ('117', '6TH FLOOR');
INSERT INTO `location` VALUES ('118', '6TH FLOOR -  STORAGE');
INSERT INTO `location` VALUES ('119', '6TH FLOOR - 601');
INSERT INTO `location` VALUES ('120', '6TH FLOOR - 602');
INSERT INTO `location` VALUES ('121', '6TH FLOOR - 603');
INSERT INTO `location` VALUES ('122', '6TH FLOOR - 604');
INSERT INTO `location` VALUES ('123', '6TH FLOOR - 605');
INSERT INTO `location` VALUES ('124', '6TH FLOOR - 606');
INSERT INTO `location` VALUES ('125', '6TH FLOOR - 607');
INSERT INTO `location` VALUES ('126', '6TH FLOOR - 608');
INSERT INTO `location` VALUES ('127', '6TH FLOOR - 609');
INSERT INTO `location` VALUES ('128', '6TH FLOOR - 609 GLASS');
INSERT INTO `location` VALUES ('129', '6TH FLOOR - 610');
INSERT INTO `location` VALUES ('130', '6TH FLOOR - ADMIN OFFICE');
INSERT INTO `location` VALUES ('131', '6TH FLOOR - AUXILLIARY');
INSERT INTO `location` VALUES ('132', '6TH FLOOR - EE');
INSERT INTO `location` VALUES ('133', '6TH FLOOR - EE ROOM');
INSERT INTO `location` VALUES ('134', '6TH FLOOR - ELEVATOR ENTRANCE');
INSERT INTO `location` VALUES ('135', '6TH FLOOR - IT ROOM');
INSERT INTO `location` VALUES ('136', '6TH FLOOR - STAIRWAY 1');
INSERT INTO `location` VALUES ('137', '6TH FLOOR - STAIRWAY 2');
INSERT INTO `location` VALUES ('138', '6TH FLOOR - STAIRWAY 3');
INSERT INTO `location` VALUES ('139', '6TH FLOOR - STORAGE');
INSERT INTO `location` VALUES ('140', '6TH FLOOR STORAGE');
INSERT INTO `location` VALUES ('141', '7TH FLOOR');
INSERT INTO `location` VALUES ('142', '7TH FLOOR - 610');
INSERT INTO `location` VALUES ('143', '7TH FLOOR - 702');
INSERT INTO `location` VALUES ('144', '7TH FLOOR - 703');
INSERT INTO `location` VALUES ('145', '7TH FLOOR - 704');
INSERT INTO `location` VALUES ('146', '7TH FLOOR - 705');
INSERT INTO `location` VALUES ('147', '7TH FLOOR - BAR ROOM');
INSERT INTO `location` VALUES ('148', '7TH FLOOR - CHEMICAL ROOM');
INSERT INTO `location` VALUES ('149', '7TH FLOOR - CHEMISTRY ROOM');
INSERT INTO `location` VALUES ('150', '7TH FLOOR - COLD KITCHEN');
INSERT INTO `location` VALUES ('151', '7TH FLOOR - ELEVATOR ENTRANCE');
INSERT INTO `location` VALUES ('152', '7TH FLOOR - HOTEL');
INSERT INTO `location` VALUES ('153', '7TH FLOOR - KITCHEN');
INSERT INTO `location` VALUES ('154', '7TH FLOOR - KITCHEN STORAGE 1');
INSERT INTO `location` VALUES ('155', '7TH FLOOR - PHYSIC-LAB');
INSERT INTO `location` VALUES ('156', '7TH FLOOR - PHYSICS');
INSERT INTO `location` VALUES ('157', '7TH FLOOR - PHYSICS GLASS');
INSERT INTO `location` VALUES ('158', '7TH FLOOR - STAIRWAY 1');
INSERT INTO `location` VALUES ('159', '7TH FLOOR - STAIRWAY 2');
INSERT INTO `location` VALUES ('160', '7TH FLOOR - STAIRWAY 3');
INSERT INTO `location` VALUES ('161', '7TH FLOOR - SUITE ROOM');
INSERT INTO `location` VALUES ('162', '7TH FLOOR -702');
INSERT INTO `location` VALUES ('163', '7TH FLOOR -703');
INSERT INTO `location` VALUES ('164', '7TH FLOOR -704');
INSERT INTO `location` VALUES ('165', '7TH FLOOR -705');
INSERT INTO `location` VALUES ('166', '7TH FLOOR STORAGE (KITCHEN)');
INSERT INTO `location` VALUES ('167', '8TH FLOOR');
INSERT INTO `location` VALUES ('168', '8TH FLOOR - 801');
INSERT INTO `location` VALUES ('169', '8TH FLOOR - 802');
INSERT INTO `location` VALUES ('170', '8TH FLOOR - 803');
INSERT INTO `location` VALUES ('171', '8TH FLOOR - 804');
INSERT INTO `location` VALUES ('172', '8TH FLOOR - 805');
INSERT INTO `location` VALUES ('173', '8TH FLOOR - 805 GLASS');
INSERT INTO `location` VALUES ('174', '8TH FLOOR - AUXILLIARY');
INSERT INTO `location` VALUES ('175', '8TH FLOOR - EE');
INSERT INTO `location` VALUES ('176', '8TH FLOOR - EE ');
INSERT INTO `location` VALUES ('177', '8TH FLOOR - ELEVATOR ENTRANCE');
INSERT INTO `location` VALUES ('178', '8TH FLOOR - IDF');
INSERT INTO `location` VALUES ('179', '8TH FLOOR - LIBRARY');
INSERT INTO `location` VALUES ('180', '8TH FLOOR - LIBRARY GLASS');
INSERT INTO `location` VALUES ('181', '8TH FLOOR - LIBRARY LOBBY');
INSERT INTO `location` VALUES ('182', '8TH FLOOR - STAIRWAY 1');
INSERT INTO `location` VALUES ('183', '8TH FLOOR - STAIRWAY 2');
INSERT INTO `location` VALUES ('184', '8TH FLOOR - STAIRWAY 3');
INSERT INTO `location` VALUES ('185', '8TH FLOOR - STORAGE');
INSERT INTO `location` VALUES ('186', '8TH FLOOR -LIBRARY');
INSERT INTO `location` VALUES ('187', '9TH FLOOR');
INSERT INTO `location` VALUES ('188', '9TH FLOOR - 901');
INSERT INTO `location` VALUES ('189', '9TH FLOOR - 902');
INSERT INTO `location` VALUES ('190', '9TH FLOOR - 902 EE');
INSERT INTO `location` VALUES ('191', '9TH FLOOR - ELEVATOR ENTRANCE');
INSERT INTO `location` VALUES ('192', '9TH FLOOR - PENTHOUSE');
INSERT INTO `location` VALUES ('193', '9TH FLOOR - STAIRWAY 1');
INSERT INTO `location` VALUES ('194', '9TH FLOOR - STAIRWAY 2');
INSERT INTO `location` VALUES ('195', '9TH FLOOR - STAIRWAY 3');
INSERT INTO `location` VALUES ('196', '9TH FLOOR - STORAGE');
INSERT INTO `location` VALUES ('197', 'BORROWED BY SIR ROLAN');
INSERT INTO `location` VALUES ('198', 'CANTEEN');
INSERT INTO `location` VALUES ('199', 'CANTEEN - 2ND FLOOR');
INSERT INTO `location` VALUES ('200', 'CANTEEN - BROWER');
INSERT INTO `location` VALUES ('201', 'CANTEEN - GROUND FLOOR');
INSERT INTO `location` VALUES ('202', 'CANTEEN - KITCHEN');
INSERT INTO `location` VALUES ('203', 'COLD KITCHEN');
INSERT INTO `location` VALUES ('204', 'COURT');
INSERT INTO `location` VALUES ('205', 'CR');
INSERT INTO `location` VALUES ('206', 'CSG');
INSERT INTO `location` VALUES ('207', 'ELEVATOR 1');
INSERT INTO `location` VALUES ('208', 'ELEVATOR 2');
INSERT INTO `location` VALUES ('209', 'FACULTY');
INSERT INTO `location` VALUES ('210', 'FACULTY - GLASS');
INSERT INTO `location` VALUES ('211', 'GENERATOR ROOM');
INSERT INTO `location` VALUES ('212', 'GENSET');
INSERT INTO `location` VALUES ('213', 'GROUND ADMIN');
INSERT INTO `location` VALUES ('214', 'GROUND FLOOR');
INSERT INTO `location` VALUES ('215', 'GROUND FLOOR ');
INSERT INTO `location` VALUES ('216', 'GROUND FLOOR - 101');
INSERT INTO `location` VALUES ('217', 'GROUND FLOOR - ACCOUNTING');
INSERT INTO `location` VALUES ('218', 'GROUND FLOOR - ACCOUNTING STORAGE');
INSERT INTO `location` VALUES ('219', 'GROUND FLOOR - ADMIN');
INSERT INTO `location` VALUES ('220', 'GROUND FLOOR - ADMIN OFFICE');
INSERT INTO `location` VALUES ('221', 'GROUND FLOOR - ADMISSION');
INSERT INTO `location` VALUES ('222', 'GROUND FLOOR - ADMISSION OFFICE');
INSERT INTO `location` VALUES ('223', 'GROUND FLOOR - ADMISSION STORAGE');
INSERT INTO `location` VALUES ('224', 'GROUND FLOOR - ADMISSON OFFICE');
INSERT INTO `location` VALUES ('225', 'GROUND FLOOR - BLDG ADMIN');
INSERT INTO `location` VALUES ('226', 'GROUND FLOOR - C. R FEMALE');
INSERT INTO `location` VALUES ('227', 'GROUND FLOOR - C.R FEMALE');
INSERT INTO `location` VALUES ('228', 'GROUND FLOOR - CANTEEN');
INSERT INTO `location` VALUES ('229', 'GROUND FLOOR - CASHIER');
INSERT INTO `location` VALUES ('230', 'GROUND FLOOR - CLINIC');
INSERT INTO `location` VALUES ('231', 'GROUND FLOOR - CONSULTATION ROOM');
INSERT INTO `location` VALUES ('232', 'GROUND FLOOR - COURT');
INSERT INTO `location` VALUES ('233', 'GROUND FLOOR - CR FEMALE');
INSERT INTO `location` VALUES ('234', 'GROUND FLOOR - CR MALE');
INSERT INTO `location` VALUES ('235', 'GROUND FLOOR - CSG');
INSERT INTO `location` VALUES ('236', 'GROUND FLOOR - EE');
INSERT INTO `location` VALUES ('237', 'GROUND FLOOR - ENTRANCE');
INSERT INTO `location` VALUES ('238', 'GROUND FLOOR - GENSET');
INSERT INTO `location` VALUES ('239', 'GROUND FLOOR - GUARD');
INSERT INTO `location` VALUES ('240', 'GROUND FLOOR - GUIDANCE');
INSERT INTO `location` VALUES ('241', 'GROUND FLOOR - HR');
INSERT INTO `location` VALUES ('242', 'GROUND FLOOR - IDF');
INSERT INTO `location` VALUES ('243', 'GROUND FLOOR - LIFT LOBBY');
INSERT INTO `location` VALUES ('244', 'GROUND FLOOR - LOBBY ENTRANCE');
INSERT INTO `location` VALUES ('245', 'GROUND FLOOR - MAIN LOBBY');
INSERT INTO `location` VALUES ('246', 'GROUND FLOOR - MAINTENANCE ROOM');
INSERT INTO `location` VALUES ('247', 'GROUND FLOOR - MEETING ROOM1');
INSERT INTO `location` VALUES ('248', 'GROUND FLOOR - OPEN AREA');
INSERT INTO `location` VALUES ('249', 'GROUND FLOOR - OPEN AREA BESIDE PAMO');
INSERT INTO `location` VALUES ('250', 'GROUND FLOOR - PERIMETER');
INSERT INTO `location` VALUES ('251', 'GROUND FLOOR - PROWARE');
INSERT INTO `location` VALUES ('252', 'GROUND FLOOR - PUMP ROOM');
INSERT INTO `location` VALUES ('253', 'GROUND FLOOR - REGISTRAR');
INSERT INTO `location` VALUES ('254', 'GROUND FLOOR - SECURITY OFFICE');
INSERT INTO `location` VALUES ('255', 'GROUND FLOOR - STAIRWAY 1');
INSERT INTO `location` VALUES ('256', 'GROUND FLOOR - STAIRWAY 2');
INSERT INTO `location` VALUES ('257', 'GROUND FLOOR - STORAGE');
INSERT INTO `location` VALUES ('258', 'GROUND FLOOR- PROWARE');
INSERT INTO `location` VALUES ('259', 'GROUND GLOOR - GUARD');
INSERT INTO `location` VALUES ('260', 'GROUND GLOOR - STP');
INSERT INTO `location` VALUES ('261', 'HRM BLDG OLD');
INSERT INTO `location` VALUES ('262', 'MEZZANINE');
INSERT INTO `location` VALUES ('263', 'MEZZANINE - ACADEMIC HEAD\'S OFFICE');
INSERT INTO `location` VALUES ('264', 'MEZZANINE - ADMISSION STORAGE');
INSERT INTO `location` VALUES ('265', 'MEZZANINE - CONFERENCE ROOM');
INSERT INTO `location` VALUES ('266', 'MEZZANINE - CONSULTATION ROOM');
INSERT INTO `location` VALUES ('267', 'MEZZANINE - DSA OFFICE');
INSERT INTO `location` VALUES ('268', 'MEZZANINE - E TO E STORAGE');
INSERT INTO `location` VALUES ('269', 'MEZZANINE - ELEVATOR ENTRANCE');
INSERT INTO `location` VALUES ('270', 'MEZZANINE - FACULTY');
INSERT INTO `location` VALUES ('271', 'MEZZANINE - FACULTY CR');
INSERT INTO `location` VALUES ('272', 'MEZZANINE - FACULTY STORAGE');
INSERT INTO `location` VALUES ('273', 'MEZZANINE - HALLWAY');
INSERT INTO `location` VALUES ('274', 'MEZZANINE - HR OFFICE');
INSERT INTO `location` VALUES ('275', 'MEZZANINE - LIFT LOBBY');
INSERT INTO `location` VALUES ('276', 'MEZZANINE - OLD HR');
INSERT INTO `location` VALUES ('277', 'MEZZANINE - RECORD\'S ROOM');
INSERT INTO `location` VALUES ('278', 'MEZZANINE - SA/DSA ROOM');
INSERT INTO `location` VALUES ('279', 'MEZZANINE - SSA OFFICE');
INSERT INTO `location` VALUES ('280', 'MEZZANINE - STAIRWAY 1');
INSERT INTO `location` VALUES ('281', 'MEZZANINE - STAIRWAY 2');
INSERT INTO `location` VALUES ('282', 'MEZZANINE - STAIRWAY 3');
INSERT INTO `location` VALUES ('283', 'MEZZANINE - STORAGE');
INSERT INTO `location` VALUES ('284', 'MEZZANINEI - ACAD\'S HEAD OFFICE');
INSERT INTO `location` VALUES ('285', 'MEZZANINIE - E TO E STORAGE');
INSERT INTO `location` VALUES ('286', 'MEZZANININE - FACULTY STORAGE');
INSERT INTO `location` VALUES ('287', 'PAMO');
INSERT INTO `location` VALUES ('288', 'PERIMETER');
INSERT INTO `location` VALUES ('289', 'PHYSICS');
INSERT INTO `location` VALUES ('290', 'ROOFDECK');
INSERT INTO `location` VALUES ('291', 'ROOFTOP');
INSERT INTO `location` VALUES ('292', 'S.A. OFFICE');
INSERT INTO `location` VALUES ('293', 'STOLEN');
INSERT INTO `location` VALUES ('294', 'VACANT AREA');
INSERT INTO `location` VALUES ('295', '');
INSERT INTO `location` VALUES ('296', '');

-- ----------------------------
-- Table structure for `major_category`
-- ----------------------------
DROP TABLE IF EXISTS `major_category`;
CREATE TABLE `major_category` (
  `id` int(2) NOT NULL AUTO_INCREMENT,
  `description` varchar(999) NOT NULL,
  `depreciate_yr` int(2) NOT NULL,
  PRIMARY KEY (`id`)
) ENGINE=InnoDB AUTO_INCREMENT=20 DEFAULT CHARSET=latin1;

-- ----------------------------
-- Records of major_category
-- ----------------------------
INSERT INTO `major_category` VALUES ('1', 'AVR', '5');
INSERT INTO `major_category` VALUES ('2', 'COMPUTER EQUIPMENT', '5');
INSERT INTO `major_category` VALUES ('3', 'COMPUTER EQUIPMENT SUPPLIES', '5');
INSERT INTO `major_category` VALUES ('4', 'HOUSEKEEPING SUPPLIES', '5');
INSERT INTO `major_category` VALUES ('5', 'KEYBOARD', '5');
INSERT INTO `major_category` VALUES ('6', 'LEASEHOLDS IMPROVEMENTS', '5');
INSERT INTO `major_category` VALUES ('7', 'LICENSE', '5');
INSERT INTO `major_category` VALUES ('8', 'MARKETING SUPPLIES', '5');
INSERT INTO `major_category` VALUES ('9', 'MOUSE', '5');
INSERT INTO `major_category` VALUES ('10', 'NON-CONSUMABLE SUPPLIES', '5');
INSERT INTO `major_category` VALUES ('11', 'NON-CONSUMABLE', '5');
INSERT INTO `major_category` VALUES ('12', 'OFFICE AND SCHOOL EQUIPMENT', '5');
INSERT INTO `major_category` VALUES ('13', 'OFFICE FURNITURES AND FIXTURES', '5');
INSERT INTO `major_category` VALUES ('14', 'OFFICE SUPPLIES', '5');
INSERT INTO `major_category` VALUES ('15', 'SCHOOL AND OFFICE EQUIPMENT', '5');
INSERT INTO `major_category` VALUES ('16', 'SCHOOL FURNITURES AND FIXTURES', '5');
INSERT INTO `major_category` VALUES ('17', 'SIGNAGE', '5');
INSERT INTO `major_category` VALUES ('18', 'SMS', '5');
INSERT INTO `major_category` VALUES ('19', 'TRANSPO EQUIPMENT', '5');

-- ----------------------------
-- Table structure for `minor_category`
-- ----------------------------
DROP TABLE IF EXISTS `minor_category`;
CREATE TABLE `minor_category` (
  `id` int(2) NOT NULL AUTO_INCREMENT,
  `major_id` int(2) NOT NULL,
  `description` varchar(999) NOT NULL,
  PRIMARY KEY (`id`)
) ENGINE=InnoDB AUTO_INCREMENT=166 DEFAULT CHARSET=latin1;

-- ----------------------------
-- Records of minor_category
-- ----------------------------
INSERT INTO `minor_category` VALUES ('1', '2', 'CPU');
INSERT INTO `minor_category` VALUES ('2', '2', 'KEYBOARD');
INSERT INTO `minor_category` VALUES ('3', '2', 'LAPTOP');
INSERT INTO `minor_category` VALUES ('4', '2', 'SWITCH/HUB');
INSERT INTO `minor_category` VALUES ('5', '2', 'SWICH/HUB');
INSERT INTO `minor_category` VALUES ('6', '2', 'WIRELESS ROUTER');
INSERT INTO `minor_category` VALUES ('7', '2', 'PRINTER');
INSERT INTO `minor_category` VALUES ('8', '2', 'SCANNER');
INSERT INTO `minor_category` VALUES ('9', '2', 'MOUSE');
INSERT INTO `minor_category` VALUES ('10', '2', 'DVD WRITER');
INSERT INTO `minor_category` VALUES ('11', '2', 'MONITOR');
INSERT INTO `minor_category` VALUES ('12', '2', 'FLOPPY DISK DRIVE');
INSERT INTO `minor_category` VALUES ('13', '2', 'UPS');
INSERT INTO `minor_category` VALUES ('14', '2', 'AVR');
INSERT INTO `minor_category` VALUES ('15', '2', 'SOFTWARE LICENCES');
INSERT INTO `minor_category` VALUES ('16', '2', 'PENT TABLET');
INSERT INTO `minor_category` VALUES ('17', '2', 'WEB CAMERA');
INSERT INTO `minor_category` VALUES ('18', '2', 'WALL SCREEN');
INSERT INTO `minor_category` VALUES ('19', '2', 'MULTI-USER NETWORK');
INSERT INTO `minor_category` VALUES ('20', '2', 'ETHERNET SWITCH');
INSERT INTO `minor_category` VALUES ('21', '2', 'EXTERNAL HDD');
INSERT INTO `minor_category` VALUES ('22', '2', 'INSTALLER');
INSERT INTO `minor_category` VALUES ('23', '2', 'MONITOR SWITCH');
INSERT INTO `minor_category` VALUES ('24', '2', 'MOTORCYLCE');
INSERT INTO `minor_category` VALUES ('25', '3', 'SPLITTER');
INSERT INTO `minor_category` VALUES ('26', '4', 'TANK');
INSERT INTO `minor_category` VALUES ('27', '8', 'TENT');
INSERT INTO `minor_category` VALUES ('28', '9', 'USB MOUSE');
INSERT INTO `minor_category` VALUES ('30', '10', 'POWER SUPPLY');
INSERT INTO `minor_category` VALUES ('31', '10', 'PULL-UP BANNER');
INSERT INTO `minor_category` VALUES ('32', '10', 'CUTTER');
INSERT INTO `minor_category` VALUES ('33', '10', 'PUNCHER');
INSERT INTO `minor_category` VALUES ('34', '10', 'LAN CARD');
INSERT INTO `minor_category` VALUES ('35', '11', 'WIRELESS TELEPHONE');
INSERT INTO `minor_category` VALUES ('36', '11', 'WALL CLOCK');
INSERT INTO `minor_category` VALUES ('37', '10', 'DECORATION');
INSERT INTO `minor_category` VALUES ('38', '10', 'LUGGAGE');
INSERT INTO `minor_category` VALUES ('39', '10', 'WALKIE TALKIE');
INSERT INTO `minor_category` VALUES ('40', '12', 'HEADPHONE');
INSERT INTO `minor_category` VALUES ('41', '12', 'CABLE');
INSERT INTO `minor_category` VALUES ('42', '12', 'CONVERTER');
INSERT INTO `minor_category` VALUES ('43', '12', 'SWITCHER');
INSERT INTO `minor_category` VALUES ('44', '12', 'GRINDER');
INSERT INTO `minor_category` VALUES ('45', '12', 'WELDING MACHINE');
INSERT INTO `minor_category` VALUES ('46', '12', 'MICROPHONE ARM');
INSERT INTO `minor_category` VALUES ('47', '12', 'MICROPHONE WITH CORD');
INSERT INTO `minor_category` VALUES ('48', '12', 'LAPEL MIC');
INSERT INTO `minor_category` VALUES ('49', '12', 'TRIPOD');
INSERT INTO `minor_category` VALUES ('50', '12', 'SHOCK MOUNT');
INSERT INTO `minor_category` VALUES ('51', '12', 'SCAFFOLDING');
INSERT INTO `minor_category` VALUES ('52', '12', 'HDMI ADAPTER');
INSERT INTO `minor_category` VALUES ('53', '12', 'MEMORY CARD');
INSERT INTO `minor_category` VALUES ('54', '12', 'PH METER');
INSERT INTO `minor_category` VALUES ('55', '12', 'TESTER');
INSERT INTO `minor_category` VALUES ('56', '13', 'SOFA');
INSERT INTO `minor_category` VALUES ('57', '13', 'FOLDING CHAIRS');
INSERT INTO `minor_category` VALUES ('58', '13', 'MOBILE PEDESTAL CABINET');
INSERT INTO `minor_category` VALUES ('59', '13', 'CABINET');
INSERT INTO `minor_category` VALUES ('60', '13', 'PLASTIC DRAWER');
INSERT INTO `minor_category` VALUES ('61', '13', 'TARPULIN STAND');
INSERT INTO `minor_category` VALUES ('62', '13', 'MEDICINE ORGANIZER');
INSERT INTO `minor_category` VALUES ('63', '13', 'MODULAR PARTITION');
INSERT INTO `minor_category` VALUES ('64', '13', 'STEEL LOCKER');
INSERT INTO `minor_category` VALUES ('65', '13', 'STORAGE');
INSERT INTO `minor_category` VALUES ('66', '13', 'VAULT');
INSERT INTO `minor_category` VALUES ('67', '14', 'EXTENSION WIRE');
INSERT INTO `minor_category` VALUES ('68', '14', 'MEGAPHONE');
INSERT INTO `minor_category` VALUES ('69', '14', 'PERCOLATOR');
INSERT INTO `minor_category` VALUES ('70', '15', 'HARD DISK DRIVE');
INSERT INTO `minor_category` VALUES ('71', '15', 'CCTV CAMERA');
INSERT INTO `minor_category` VALUES ('72', '15', 'PRESSURE WASHER');
INSERT INTO `minor_category` VALUES ('73', '15', 'DIFFUSER');
INSERT INTO `minor_category` VALUES ('74', '15', 'PODIUM');
INSERT INTO `minor_category` VALUES ('75', '15', 'VIDEO CAMERA');
INSERT INTO `minor_category` VALUES ('76', '15', 'CAMERA');
INSERT INTO `minor_category` VALUES ('77', '15', 'DIGITAL CAMERA');
INSERT INTO `minor_category` VALUES ('78', '15', 'SURVEILANCE CAMERA');
INSERT INTO `minor_category` VALUES ('79', '15', 'GRASS CUTTER');
INSERT INTO `minor_category` VALUES ('80', '15', 'ELECTRIC FAN');
INSERT INTO `minor_category` VALUES ('81', '15', 'CHILLER');
INSERT INTO `minor_category` VALUES ('82', '15', 'GAS STOVE');
INSERT INTO `minor_category` VALUES ('83', '15', 'MICROWAVE');
INSERT INTO `minor_category` VALUES ('84', '15', 'PORTABLE CASETTE');
INSERT INTO `minor_category` VALUES ('85', '15', 'PORTABLE DVD PLAYER WITH AM/FM RADIO');
INSERT INTO `minor_category` VALUES ('86', '15', 'EXTENSION LADDER');
INSERT INTO `minor_category` VALUES ('87', '15', 'TELEVISION');
INSERT INTO `minor_category` VALUES ('88', '15', 'FIRE EXTINGUISHER');
INSERT INTO `minor_category` VALUES ('89', '15', 'SHREDDER');
INSERT INTO `minor_category` VALUES ('90', '15', 'SOUND SYSTEM');
INSERT INTO `minor_category` VALUES ('91', '15', 'SPEAKERS');
INSERT INTO `minor_category` VALUES ('92', '15', 'PORTABLE PA SYSTEM');
INSERT INTO `minor_category` VALUES ('93', '15', 'DVD PLAYER');
INSERT INTO `minor_category` VALUES ('94', '15', 'EQUALIZER');
INSERT INTO `minor_category` VALUES ('95', '15', 'SOUND SYSTEM MIXER');
INSERT INTO `minor_category` VALUES ('96', '15', 'WIRELSS MICROPHONE');
INSERT INTO `minor_category` VALUES ('97', '15', 'FLOOR POLISHER');
INSERT INTO `minor_category` VALUES ('98', '15', 'VACUUM CLEANER');
INSERT INTO `minor_category` VALUES ('99', '15', 'LAPEL');
INSERT INTO `minor_category` VALUES ('100', '15', 'LIGHT');
INSERT INTO `minor_category` VALUES ('101', '15', 'STAND');
INSERT INTO `minor_category` VALUES ('102', '15', 'ROLLER BANNER');
INSERT INTO `minor_category` VALUES ('103', '15', 'TROLEY');
INSERT INTO `minor_category` VALUES ('104', '15', 'JANITORIAL CART');
INSERT INTO `minor_category` VALUES ('105', '15', 'REFRIGERATOR');
INSERT INTO `minor_category` VALUES ('106', '15', 'PABX ACCESSORIES');
INSERT INTO `minor_category` VALUES ('107', '15', 'TIMER');
INSERT INTO `minor_category` VALUES ('108', '15', 'TRASH BIN');
INSERT INTO `minor_category` VALUES ('109', '15', 'WASHING MACHINE');
INSERT INTO `minor_category` VALUES ('110', '15', 'AIRCON');
INSERT INTO `minor_category` VALUES ('111', '15', 'DRINKING FOUNTAIN');
INSERT INTO `minor_category` VALUES ('112', '15', 'DRYER');
INSERT INTO `minor_category` VALUES ('113', '15', 'GAS TANK');
INSERT INTO `minor_category` VALUES ('114', '15', 'GENERATOR');
INSERT INTO `minor_category` VALUES ('115', '15', 'PROJECTOR');
INSERT INTO `minor_category` VALUES ('116', '15', 'MOP SQUEEZER');
INSERT INTO `minor_category` VALUES ('117', '15', 'TELEPHONE UNIT');
INSERT INTO `minor_category` VALUES ('118', '15', 'DECANTER');
INSERT INTO `minor_category` VALUES ('119', '15', 'FLOW METER');
INSERT INTO `minor_category` VALUES ('120', '15', 'CLOTH');
INSERT INTO `minor_category` VALUES ('121', '15', 'CONTROL PANEL');
INSERT INTO `minor_category` VALUES ('122', '15', 'CORDLESS MICROPHONE');
INSERT INTO `minor_category` VALUES ('123', '15', 'DATA BACKUP');
INSERT INTO `minor_category` VALUES ('124', '15', 'ELECTRIC AIR FRESHNER');
INSERT INTO `minor_category` VALUES ('125', '15', 'ELECTRIC DRILL');
INSERT INTO `minor_category` VALUES ('126', '15', 'EXHAUST FAN');
INSERT INTO `minor_category` VALUES ('127', '15', 'FAX MACHINE');
INSERT INTO `minor_category` VALUES ('128', '15', 'HEADSET');
INSERT INTO `minor_category` VALUES ('129', '15', 'HOLDER');
INSERT INTO `minor_category` VALUES ('130', '15', 'LAMINATING MACHINE');
INSERT INTO `minor_category` VALUES ('131', '15', 'PAINTING');
INSERT INTO `minor_category` VALUES ('132', '15', 'PUMP');
INSERT INTO `minor_category` VALUES ('133', '15', 'SIGNAGE');
INSERT INTO `minor_category` VALUES ('134', '15', 'SOFTBOX');
INSERT INTO `minor_category` VALUES ('135', '15', 'TD TOOLS');
INSERT INTO `minor_category` VALUES ('136', '15', 'TRIGGER');
INSERT INTO `minor_category` VALUES ('137', '15', 'UMBRELLA');
INSERT INTO `minor_category` VALUES ('138', '16', 'CHAIRS');
INSERT INTO `minor_category` VALUES ('139', '16', 'TABLES');
INSERT INTO `minor_category` VALUES ('140', '16', 'SHELF');
INSERT INTO `minor_category` VALUES ('141', '16', 'COUNTER');
INSERT INTO `minor_category` VALUES ('142', '16', 'COUNTER DESK');
INSERT INTO `minor_category` VALUES ('143', '16', 'RACK');
INSERT INTO `minor_category` VALUES ('144', '16', 'RUBBERMAT');
INSERT INTO `minor_category` VALUES ('145', '16', 'SINK');
INSERT INTO `minor_category` VALUES ('146', '16', 'LOCKER');
INSERT INTO `minor_category` VALUES ('147', '16', 'EXHAUST HOOD');
INSERT INTO `minor_category` VALUES ('148', '16', 'TROLLEY');
INSERT INTO `minor_category` VALUES ('149', '16', 'POST');
INSERT INTO `minor_category` VALUES ('150', '16', 'BLINDS');
INSERT INTO `minor_category` VALUES ('151', '16', 'CRASH RACK');
INSERT INTO `minor_category` VALUES ('152', '16', 'DOOR');
INSERT INTO `minor_category` VALUES ('153', '16', 'FLAG');
INSERT INTO `minor_category` VALUES ('154', '16', 'LAB STOOL');
INSERT INTO `minor_category` VALUES ('155', '16', 'PHILIPPINE FLAG');
INSERT INTO `minor_category` VALUES ('156', '16', 'PICTURE GALLERY');
INSERT INTO `minor_category` VALUES ('157', '16', 'PILLOW');
INSERT INTO `minor_category` VALUES ('158', '16', 'PILLOW CASE');
INSERT INTO `minor_category` VALUES ('159', '16', 'RIBBED MAT');
INSERT INTO `minor_category` VALUES ('160', '16', 'STAGE');
INSERT INTO `minor_category` VALUES ('161', '18', 'SPYMOMANOMETER ANALOG');
INSERT INTO `minor_category` VALUES ('162', '18', 'STHETOSCOPE');
INSERT INTO `minor_category` VALUES ('163', '18', 'THERMOMETER');
INSERT INTO `minor_category` VALUES ('164', '6', 'ACRYLIC HOLDER');
INSERT INTO `minor_category` VALUES ('165', '6', 'WHITEBOARD');

-- ----------------------------
-- Table structure for `property`
-- ----------------------------
DROP TABLE IF EXISTS `property`;
CREATE TABLE `property` (
  `id` int(10) NOT NULL AUTO_INCREMENT,
  `pcode` varchar(50) DEFAULT NULL,
  `sno` varchar(50) DEFAULT NULL,
  `description` varchar(999) NOT NULL,
  `brand` varchar(99) DEFAULT NULL,
  `model` varchar(99) DEFAULT NULL,
  `minor_category` int(2) NOT NULL,
  `uom` varchar(20) DEFAULT NULL,
  `cost` double(13,2) NOT NULL,
  `date_acquired` datetime NOT NULL,
  `or_number` varchar(999) NOT NULL,
  PRIMARY KEY (`id`)
) ENGINE=InnoDB AUTO_INCREMENT=877 DEFAULT CHARSET=latin1;

-- ----------------------------
-- Records of property
-- ----------------------------
INSERT INTO `property` VALUES ('13', '4.01E+12', '', '\"Schedule Holder 5.55\"\" x 8.5\"\" Acrylic 3mm\"', '', '', '164', 'pc/s', '200.00', '2016-01-14 00:00:00', '4.01E+12');
INSERT INTO `property` VALUES ('14', '4.01E+12', '', '\"Announcement Holder 8.5\"\"x11\"\" Acrylic 3mm\"', '', '', '164', 'pc/s', '400.00', '2016-01-14 00:00:00', '4.01E+12');
INSERT INTO `property` VALUES ('15', 'CLNOSE14-2014-001', '8.28E+12', 'FCU - Ceiling Cassette (3.0TR)Gree Model#FP-180XD/B-T', 'GREE', 'FP-180D/B-T', '110', 'pc/s', '566.40', '2013-11-28 00:00:00', '4.01E+12');
INSERT INTO `property` VALUES ('16', '008-OSE74-2014-035', '', 'Fire Extinguisher  Drychemical 10lbs', '', '', '88', 'pc/s', '2500.00', '2014-01-14 00:00:00', '4.01E+12');
INSERT INTO `property` VALUES ('18', 'CLN-SFF11A-2014-010', '', 'Teacher\'s TABLES - Right side with CPU Cabinet', '', '', '139', 'pc/s', '7950.00', '2013-12-03 00:00:00', '4.01E+11');
INSERT INTO `property` VALUES ('22', 'CLNOSE342014-013', 'B042CJAF08-053574', 'LED Projector CASIO XJ-A240', '', '', '115', 'pc/s', '40000.00', '2013-12-07 00:00:00', '4.01E+12');
INSERT INTO `property` VALUES ('23', '4.01E+11', '', 'Whiteboard wall type 4 x 8', '', '', '165', 'pc/s', '2600.00', '2013-12-13 00:00:00', '4.01E+11');
INSERT INTO `property` VALUES ('24', '4.01E+11', '', 'Whiteboard wall type 4 x 4', '', '', '165', 'pc/s', '1900.00', '2013-12-13 00:00:00', '4.01E+11');
INSERT INTO `property` VALUES ('25', '4.01E+11', '', 'Whiteboard wall type 4 x 4', '', '', '165', 'pc/s', '1900.00', '2013-12-13 00:00:00', '4.01E+11');
INSERT INTO `property` VALUES ('37', '', '', '\"Schedule Holder 5.55\"\" x 8.5\"\" Acrylic 3mm\"', '', '', '164', 'pc/s', '200.00', '2016-01-14 00:00:00', '4.01E+12');
INSERT INTO `property` VALUES ('38', '', '', '\"Announcement Holder 8.5\"\"x11\"\" Acrylic 3mm\"', '', '', '164', 'pc/s', '400.00', '2016-01-14 00:00:00', '4.01E+12');
INSERT INTO `property` VALUES ('39', 'CLNOSE14-2014-002', '8.28E+12', 'FCU - Ceiling Cassette (3.0TR)Gree Model#FP-180XD/B-T', 'GREE', 'FP-180D/B-T', '110', 'pc/s', '566.40', '2013-11-28 00:00:00', '4.01E+12');
INSERT INTO `property` VALUES ('40', '008-OSE74-026', '', 'Fire Extinguisher  Drychemical 10lbs', '', '', '88', 'pc/s', '0.00', '2014-01-14 00:00:00', '');
INSERT INTO `property` VALUES ('41', 'CLNOSE342014-001', '', 'LED Projector CASIO XJ-A240', '', '', '115', 'pc/s', '40000.00', '2013-12-07 00:00:00', '4.01E+12');
INSERT INTO `property` VALUES ('42', 'CLN-SFF23-2013-030', '', 'Monobloc CHAIRS - Coft Jasmine Black', '', '', '138', 'pc/s', '530.00', '2013-12-04 00:00:00', '2013-09-001');
INSERT INTO `property` VALUES ('43', 'CLN-SFF11B-2014-010', '', 'Teacher\'s TABLES - left side with CPU Cabinet', '', '', '139', 'pc/s', '7950.00', '2013-12-03 00:00:00', '4.01E+11');
INSERT INTO `property` VALUES ('44', ' ', ' ', 'Whiteboard wall type 4 x 8', '', '', '165', 'pc/s', '2600.00', '2013-12-13 00:00:00', '4.01E+11');
INSERT INTO `property` VALUES ('45', ' ', ' ', 'Whiteboard wall type 4 x 4', '', '', '165', 'pc/s', '1900.00', '2013-12-13 00:00:00', '4.01E+11');
INSERT INTO `property` VALUES ('46', ' ', ' ', 'Whiteboard wall type 4 x 4', '', '', '165', 'pc/s', '1900.00', '2013-12-13 00:00:00', '4.01E+11');
INSERT INTO `property` VALUES ('47', ' ', ' ', '\"Schedule Holder 5.55\"\" x 8.5\"\" Acrylic 3mm\"', '', '', '164', 'pc/s', '200.00', '2016-01-14 00:00:00', '4.01E+12');
INSERT INTO `property` VALUES ('48', ' ', ' ', '\"Announcement Holder 8.5\"\"x11\"\" Acrylic 3mm\"', '', '', '164', 'pc/s', '400.00', '2016-01-14 00:00:00', '4.01E+12');
INSERT INTO `property` VALUES ('49', 'CLNOSE14-2014-003', '8.28E+12', 'FCU - Ceiling Cassette (3.0TR)Gree Model#FP-180XD/B-T', 'GREE', 'FP-180D/B-T', '110', 'pc/s', '566.40', '2013-11-28 00:00:00', '4.01E+12');
INSERT INTO `property` VALUES ('50', '008-OSE74-2016-010', '', 'Fire Extinguisher  Drychemical 10lbs', '', '', '88', 'pc/s', '1950.00', '2016-06-06 00:00:00', '4.01E+12');
INSERT INTO `property` VALUES ('51', 'CLNOSE342014-014', 'B042CJAF08-063596', 'LED Projector CASIO XJ-A240', '', '', '115', 'pc/s', '40000.00', '2013-12-07 00:00:00', '4.01E+12');
INSERT INTO `property` VALUES ('52', 'CLN-SFF11A-2014-007', '', 'Teacher\'s TABLES - Right side with CPU Cabinet', '', '', '139', 'pc/s', '7950.00', '2013-12-03 00:00:00', '4.01E+11');
INSERT INTO `property` VALUES ('53', 'CLN-SFF75A-2014-003', '', 'Whiteboard wall type 4 x 8', '', '', '165', 'pc/s', '2600.00', '2013-12-13 00:00:00', '4.01E+11');
INSERT INTO `property` VALUES ('54', 'CLN-SFF75A-2014-084', '', 'Whiteboard wall type 4 x 4', '', '', '165', 'pc/s', '1900.00', '2013-12-13 00:00:00', '4.01E+11');
INSERT INTO `property` VALUES ('55', 'CLN-SFF75A-2014-085', '', 'Whiteboard wall type 4 x 4', '', '', '165', 'pc/s', '1900.00', '2013-12-13 00:00:00', '4.01E+11');
INSERT INTO `property` VALUES ('56', ' ', ' ', '\"Schedule Holder 5.55\"\" x 8.5\"\" Acrylic 3mm\"', '', '', '164', 'pc/s', '200.00', '2016-01-14 00:00:00', '4.01E+12');
INSERT INTO `property` VALUES ('57', ' ', ' ', '\"Announcement Holder 8.5\"\"x11\"\" Acrylic 3mm\"', '', '', '164', 'pc/s', '400.00', '2016-01-14 00:00:00', '4.01E+12');
INSERT INTO `property` VALUES ('58', 'CLNOSE14-2014-004', '8.28E+12', 'FCU - Ceiling Cassette (3.0TR)Gree Model#FP-180XD/B-T', 'GREE', 'FP-180D/B-T', '110', 'pc/s', '566.40', '2013-11-28 00:00:00', '4.01E+12');
INSERT INTO `property` VALUES ('59', '008-OSE74-2016-011', '', 'Fire Extinguisher  Drychemical 10lbs', '', '', '88', 'pc/s', '1950.00', '2016-06-06 00:00:00', '4.01E+12');
INSERT INTO `property` VALUES ('60', 'CLNOSE342014-023', 'B042CJAF08-063732', 'LED Projector CASIO XJ-A240', '', '', '115', 'pc/s', '40000.00', '2013-12-07 00:00:00', '4.01E+12');
INSERT INTO `property` VALUES ('61', 'CLN-SFF11B-2014-029', '', 'Teacher\'s TABLES - left side with CPU Cabinet', '', '', '139', 'pc/s', '7950.00', '2013-12-03 00:00:00', '4.01E+11');
INSERT INTO `property` VALUES ('62', 'CLN-SFF75A-2014-004', '', 'Whiteboard wall type 4 x 8', '', '', '165', 'pc/s', '2600.00', '2013-12-13 00:00:00', '4.01E+11');
INSERT INTO `property` VALUES ('63', 'CLN-SFF75A-2014-086', '', 'Whiteboard wall type 4 x 4', '', '', '165', 'pc/s', '1900.00', '2013-12-13 00:00:00', '4.01E+11');
INSERT INTO `property` VALUES ('64', 'CLN-SFF75A-2014-087', '', 'Whiteboard wall type 4 x 4', '', '', '165', 'pc/s', '1900.00', '2013-12-13 00:00:00', '4.01E+11');
INSERT INTO `property` VALUES ('65', ' ', ' ', '\"Schedule Holder 5.55\"\" x 8.5\"\" Acrylic 3mm\"', '', '', '164', 'pc/s', '200.00', '2016-01-14 00:00:00', '4.01E+12');
INSERT INTO `property` VALUES ('66', ' ', ' ', '\"Announcement Holder 8.5\"\"x11\"\" Acrylic 3mm\"', '', '', '164', 'pc/s', '400.00', '2016-01-14 00:00:00', '4.01E+12');
INSERT INTO `property` VALUES ('67', 'CLNOSE14-2014-005', '8.28E+12', 'FCU - Ceiling Cassette (3.0TR)Gree Model#FP-180XD/B-T', 'GREE', 'FP-180D/B-T', '110', 'pc/s', '566.40', '2013-11-28 00:00:00', '4.01E+12');
INSERT INTO `property` VALUES ('68', '008-OSE74-015', '', 'Fire Extinguisher  Drychemical 10lbs', '', '', '88', 'pc/s', '0.00', '2014-01-14 00:00:00', '');
INSERT INTO `property` VALUES ('69', 'CLN-SFF11B-2014-028', '', 'Teacher\'s TABLES - left side with CPU Cabinet', '', '', '139', 'pc/s', '7950.00', '2013-12-03 00:00:00', '4.01E+11');
INSERT INTO `property` VALUES ('70', 'CLN-SFF75A-2014-005', '', 'Whiteboard wall type 4 x 8', '', '', '165', 'pc/s', '2600.00', '2013-12-13 00:00:00', '4.01E+11');
INSERT INTO `property` VALUES ('71', 'CLN-SFF75A-2014-088', '', 'Whiteboard wall type 4 x 4', '', '', '165', 'pc/s', '1900.00', '2013-12-13 00:00:00', '4.01E+11');
INSERT INTO `property` VALUES ('72', 'CLN-SFF75A-2014-089', '', 'Whiteboard wall type 4 x 4', '', '', '165', 'pc/s', '1900.00', '2013-12-13 00:00:00', '4.01E+11');
INSERT INTO `property` VALUES ('73', ' ', ' ', '\"Schedule Holder 5.55\"\" x 8.5\"\" Acrylic 3mm\"', '', '', '164', 'pc/s', '200.00', '2016-01-14 00:00:00', '4.01E+12');
INSERT INTO `property` VALUES ('74', ' ', ' ', '\"Announcement Holder 8.5\"\"x11\"\" Acrylic 3mm\"', '', '', '164', 'pc/s', '400.00', '2016-01-14 00:00:00', '4.01E+12');
INSERT INTO `property` VALUES ('75', 'CLNOSE14-2014-006', '8.28E+12', 'FCU - Ceiling Cassette (3.0TR)Gree Model#FP-180XD/B-T', 'GREE', 'FP-180D/B-T', '110', 'pc/s', '566.40', '2013-11-28 00:00:00', '4.01E+12');
INSERT INTO `property` VALUES ('76', '008-OSE74-2014-013', '', 'Fire Extinguisher  Drychemical 10lbs', '', '', '88', 'pc/s', '2500.00', '2014-01-14 00:00:00', '4.01E+12');
INSERT INTO `property` VALUES ('77', 'CLN-SFF11A-2014-009', '', 'Teacher\'s TABLES - Right side with CPU Cabinet', '', '', '139', 'pc/s', '7950.00', '2013-12-03 00:00:00', '4.01E+11');
INSERT INTO `property` VALUES ('78', 'CLN-SFF75A-2014-006', '', 'Whiteboard wall type 4 x 8', '', '', '165', 'pc/s', '2600.00', '2013-12-13 00:00:00', '4.01E+11');
INSERT INTO `property` VALUES ('79', 'CLN-SFF75A-2014-090', '', 'Whiteboard wall type 4 x 4', '', '', '165', 'pc/s', '1900.00', '2013-12-13 00:00:00', '4.01E+11');
INSERT INTO `property` VALUES ('80', 'CLN-SFF75A-2014-091', '', 'Whiteboard wall type 4 x 4', '', '', '165', 'pc/s', '1900.00', '2013-12-13 00:00:00', '4.01E+11');
INSERT INTO `property` VALUES ('81', ' ', ' ', '\"Schedule Holder 5.55\"\" x 8.5\"\" Acrylic 3mm\"', '', '', '164', 'pc/s', '200.00', '2016-01-14 00:00:00', '4.01E+12');
INSERT INTO `property` VALUES ('82', ' ', ' ', '\"Announcement Holder 8.5\"\"x11\"\" Acrylic 3mm\"', '', '', '164', 'pc/s', '400.00', '2016-01-14 00:00:00', '4.01E+12');
INSERT INTO `property` VALUES ('83', 'CLNOSE14-2014-007', '8.28E+12', 'FCU - Ceiling Cassette (3.0TR)Gree Model#FP-180XD/B-T', 'GREE', 'FP-180D/B-T', '110', 'pc/s', '566.40', '2013-11-28 00:00:00', '4.01E+12');
INSERT INTO `property` VALUES ('84', '008-OSE74-2014-014', '', 'Fire Extinguisher  Drychemical 10lbs', '', '', '88', 'pc/s', '2500.00', '2014-01-14 00:00:00', '4.01E+12');
INSERT INTO `property` VALUES ('85', 'CLNOSE342014-040', 'B042CJAF08-064058', 'LED Projector CASIO XJ-A240', '', '', '115', 'pc/s', '40000.00', '2013-12-07 00:00:00', '4.01E+12');
INSERT INTO `property` VALUES ('86', 'CLN-SFF11B-2014-007', '', 'Teacher\'s TABLES - left side with CPU Cabinet', '', '', '139', 'pc/s', '7950.00', '2013-12-03 00:00:00', '4.01E+11');
INSERT INTO `property` VALUES ('87', 'CLN-SFF75A-2014-007', '', 'Whiteboard wall type 4 x 8', '', '', '165', 'pc/s', '2600.00', '2013-12-13 00:00:00', '4.01E+11');
INSERT INTO `property` VALUES ('88', 'CLN-SFF75A-2014-092', '', 'Whiteboard wall type 4 x 4', '', '', '165', 'pc/s', '1900.00', '2013-12-13 00:00:00', '4.01E+11');
INSERT INTO `property` VALUES ('89', 'CLN-SFF75A-2014-093', '', 'Whiteboard wall type 4 x 4', '', '', '165', 'pc/s', '1900.00', '2013-12-13 00:00:00', '4.01E+11');
INSERT INTO `property` VALUES ('90', ' ', ' ', '\"Schedule Holder 5.55\"\" x 8.5\"\" Acrylic 3mm\"', '', '', '164', 'pc/s', '200.00', '2016-01-14 00:00:00', '4.01E+12');
INSERT INTO `property` VALUES ('91', ' ', ' ', '\"Announcement Holder 8.5\"\"x11\"\" Acrylic 3mm\"', '', '', '164', 'pc/s', '400.00', '2016-01-14 00:00:00', '4.01E+12');
INSERT INTO `property` VALUES ('92', 'CLNOSE14-2014-008', '8.28E+12', 'FCU - Ceiling Cassette (2.5TR)Gree Model#FP-160XD/B-T', 'GREE', 'FP-160XD/B-T', '110', 'pc/s', '532.80', '2013-11-28 00:00:00', '4.01E+12');
INSERT INTO `property` VALUES ('93', '008-OSE74-2014-015', '', 'Fire Extinguisher  Drychemical 10lbs', '', '', '88', 'pc/s', '2500.00', '2014-01-14 00:00:00', '4.01E+12');
INSERT INTO `property` VALUES ('94', 'CLNOSE342014-006', 'B042CJAF08-057432', 'LED Projector CASIO XJ-A240', '', '', '115', 'pc/s', '40000.00', '2013-12-07 00:00:00', '4.01E+12');
INSERT INTO `property` VALUES ('95', 'CLN-SFF11B-2014-011', '', 'Teacher\'s TABLES - left side with CPU Cabinet', '', '', '139', 'pc/s', '7950.00', '2013-12-03 00:00:00', '4.01E+11');
INSERT INTO `property` VALUES ('96', 'CLN-SFF75A-2014-008', '', 'Whiteboard wall type 4 x 8', '', '', '165', 'pc/s', '2600.00', '2013-12-13 00:00:00', '4.01E+11');
INSERT INTO `property` VALUES ('97', 'CLN-SFF75A-2014-094', '', 'Whiteboard wall type 4 x 4', '', '', '165', 'pc/s', '1900.00', '2013-12-13 00:00:00', '4.01E+11');
INSERT INTO `property` VALUES ('98', 'CLN-SFF75A-2014-095', '', 'Whiteboard wall type 4 x 4', '', '', '165', 'pc/s', '1900.00', '2013-12-13 00:00:00', '4.01E+11');
INSERT INTO `property` VALUES ('99', ' ', ' ', '\"Schedule Holder 5.55\"\" x 8.5\"\" Acrylic 3mm\"', '', '', '164', 'pc/s', '200.00', '2016-01-14 00:00:00', '4.01E+12');
INSERT INTO `property` VALUES ('100', ' ', ' ', '\"Announcement Holder 8.5\"\"x11\"\" Acrylic 3mm\"', '', '', '164', 'pc/s', '400.00', '2016-01-14 00:00:00', '4.01E+12');
INSERT INTO `property` VALUES ('101', 'CLNOSE14-2014-009', '8.28E+12', 'FCU - Ceiling Cassette (3.0TR)Gree Model#FP-180XD/B-T', 'GREE', 'FP-180D/B-T', '110', 'pc/s', '566.40', '2013-11-28 00:00:00', '4.01E+12');
INSERT INTO `property` VALUES ('102', '008-OSE74-035', '', 'Fire Extinguisher  Drychemical 10lbs', '', '', '88', 'pc/s', '0.00', '2014-01-14 00:00:00', '');
INSERT INTO `property` VALUES ('103', 'CLNOSE342014-021', 'B042CJAF08-063710', 'LED Projector CASIO XJ-A240', '', '', '115', 'pc/s', '40000.00', '2013-12-07 00:00:00', '4.01E+12');
INSERT INTO `property` VALUES ('104', 'CLN-SFF11B-2014-005', '', 'Teacher\'s TABLES - left side with CPU Cabinet', '', '', '139', 'pc/s', '7950.00', '2013-12-03 00:00:00', '4.01E+11');
INSERT INTO `property` VALUES ('105', 'CLN-SFF75A-2014-009', '', 'Whiteboard wall type 4 x 8', '', '', '165', 'pc/s', '2600.00', '2013-12-13 00:00:00', '4.01E+11');
INSERT INTO `property` VALUES ('106', 'CLN-SFF75A-2014-096', '', 'Whiteboard wall type 4 x 4', '', '', '165', 'pc/s', '1900.00', '2013-12-13 00:00:00', '4.01E+11');
INSERT INTO `property` VALUES ('107', 'CLN-SFF75A-2014-097', '', 'Whiteboard wall type 4 x 4', '', '', '165', 'pc/s', '1900.00', '2013-12-13 00:00:00', '4.01E+11');
INSERT INTO `property` VALUES ('108', 'CLN-SFF14C-2014-001', '', 'Electronics Laboratory TABLES', '', '', '138', 'pc/s', '41000.00', '2013-10-29 00:00:00', '4.01E+12');
INSERT INTO `property` VALUES ('109', 'CLN-SFF14C-2014-002', '', 'Electronics Laboratory TABLES', '', '', '138', 'pc/s', '41000.00', '2013-10-29 00:00:00', '4.01E+12');
INSERT INTO `property` VALUES ('110', 'CLN-SFF14C-2014-003', '', 'Electronics Laboratory TABLES', '', '', '138', 'pc/s', '41000.00', '2013-10-29 00:00:00', '4.01E+12');
INSERT INTO `property` VALUES ('111', 'CLN-SFF14C-2014-004', '', 'Electronics Laboratory TABLES', '', '', '138', 'pc/s', '41000.00', '2013-10-29 00:00:00', '4.01E+12');
INSERT INTO `property` VALUES ('112', ' ', ' ', '\"Announcement Holder 8.5\"\"x11\"\" Acrylic', ' 3mm\"', 'N/A', '164', 'N/A', '0.00', '2016-01-14 00:00:00', '1/14/2016');
INSERT INTO `property` VALUES ('113', 'CLNOSE14-2014-010', '8.27593E+12', 'FCU - Ceiling Cassette (3.0TR)Gree Model#FP-180XD/B-T', 'GREE', 'FP-180D/B-T', '110', 'pc/s', '566.40', '2013-11-28 00:00:00', '4.01E+12');
INSERT INTO `property` VALUES ('114', '008-OSE74-2014-017', '', 'Fire Extinguisher  Drychemical 10lbs', '', '', '88', 'pc/s', '2500.00', '2014-01-14 00:00:00', '4.01E+12');
INSERT INTO `property` VALUES ('115', 'CLN-SFF22-2013-041', '', 'LABORATORY STOOL (Steel Legs/Wood Seat)', '', '', '154', 'pc/s', '1900.00', '2013-10-16 00:00:00', '4.01E+12');
INSERT INTO `property` VALUES ('116', 'CLN-SFF22-2013-042', '', 'LABORATORY STOOL (Steel Legs/Wood Seat)', '', '', '154', 'pc/s', '1900.00', '2013-10-16 00:00:00', '4.01E+12');
INSERT INTO `property` VALUES ('117', 'CLN-SFF22-2013-043', '', 'LABORATORY STOOL (Steel Legs/Wood Seat)', '', '', '154', 'pc/s', '1900.00', '2013-10-16 00:00:00', '4.01E+12');
INSERT INTO `property` VALUES ('118', 'CLN-SFF22-2013-044', '', 'LABORATORY STOOL (Steel Legs/Wood Seat)', '', '', '154', 'pc/s', '1900.00', '2013-10-16 00:00:00', '4.01E+12');
INSERT INTO `property` VALUES ('119', 'CLN-SFF22-2013-045', '', 'LABORATORY STOOL (Steel Legs/Wood Seat)', '', '', '154', 'pc/s', '1900.00', '2013-10-16 00:00:00', '4.01E+12');
INSERT INTO `property` VALUES ('120', 'CLN-SFF22-2013-046', '', 'LABORATORY STOOL (Steel Legs/Wood Seat)', '', '', '154', 'pc/s', '1900.00', '2013-10-16 00:00:00', '4.01E+12');
INSERT INTO `property` VALUES ('121', 'CLN-SFF22-2013-047', '', 'LABORATORY STOOL (Steel Legs/Wood Seat)', '', '', '154', 'pc/s', '1900.00', '2013-10-16 00:00:00', '4.01E+12');
INSERT INTO `property` VALUES ('122', 'CLN-SFF22-2013-048', '', 'LABORATORY STOOL (Steel Legs/Wood Seat)', '', '', '154', 'pc/s', '1900.00', '2013-10-16 00:00:00', '4.01E+12');
INSERT INTO `property` VALUES ('123', 'CLN-SFF22-2013-049', '', 'LABORATORY STOOL (Steel Legs/Wood Seat)', '', '', '154', 'pc/s', '1900.00', '2013-10-16 00:00:00', '4.01E+12');
INSERT INTO `property` VALUES ('124', 'CLN-SFF22-2013-050', '', 'LABORATORY STOOL (Steel Legs/Wood Seat)', '', '', '154', 'pc/s', '1900.00', '2013-10-16 00:00:00', '4.01E+12');
INSERT INTO `property` VALUES ('125', 'CLN-SFF22-2013-051', '', 'LABORATORY STOOL (Steel Legs/Wood Seat)', '', '', '154', 'pc/s', '1900.00', '2013-10-16 00:00:00', '4.01E+12');
INSERT INTO `property` VALUES ('126', 'CLN-SFF22-2013-052', '', 'LABORATORY STOOL (Steel Legs/Wood Seat)', '', '', '154', 'pc/s', '1900.00', '2013-10-16 00:00:00', '4.01E+12');
INSERT INTO `property` VALUES ('127', 'CLN-SFF22-2013-053', '', 'LABORATORY STOOL (Steel Legs/Wood Seat)', '', '', '154', 'pc/s', '1900.00', '2013-10-16 00:00:00', '4.01E+12');
INSERT INTO `property` VALUES ('128', 'CLN-SFF22-2013-054', '', 'LABORATORY STOOL (Steel Legs/Wood Seat)', '', '', '154', 'pc/s', '1900.00', '2013-10-16 00:00:00', '4.01E+12');
INSERT INTO `property` VALUES ('129', 'CLN-SFF22-2013-055', '', 'LABORATORY STOOL (Steel Legs/Wood Seat)', '', '', '154', 'pc/s', '1900.00', '2013-10-16 00:00:00', '4.01E+12');
INSERT INTO `property` VALUES ('130', 'CLN-SFF22-2013-056', '', 'LABORATORY STOOL (Steel Legs/Wood Seat)', '', '', '154', 'pc/s', '1900.00', '2013-10-16 00:00:00', '4.01E+12');
INSERT INTO `property` VALUES ('131', 'CLN-SFF22-2013-057', '', 'LABORATORY STOOL (Steel Legs/Wood Seat)', '', '', '154', 'pc/s', '1900.00', '2013-10-16 00:00:00', '4.01E+12');
INSERT INTO `property` VALUES ('132', 'CLN-SFF22-2013-058', '', 'LABORATORY STOOL (Steel Legs/Wood Seat)', '', '', '154', 'pc/s', '1900.00', '2013-10-16 00:00:00', '4.01E+12');
INSERT INTO `property` VALUES ('133', 'CLN-SFF22-2013-059', '', 'LABORATORY STOOL (Steel Legs/Wood Seat)', '', '', '154', 'pc/s', '1900.00', '2013-10-16 00:00:00', '4.01E+12');
INSERT INTO `property` VALUES ('134', 'CLN-SFF22-2013-060', '', 'LABORATORY STOOL (Steel Legs/Wood Seat)', '', '', '154', 'pc/s', '1900.00', '2013-10-16 00:00:00', '4.01E+12');
INSERT INTO `property` VALUES ('135', 'CLN-SFF22-2013-061', '', 'LABORATORY STOOL (Steel Legs/Wood Seat)', '', '', '154', 'pc/s', '1900.00', '2013-10-16 00:00:00', '4.01E+12');
INSERT INTO `property` VALUES ('136', 'CLN-SFF22-2013-062', '', 'LABORATORY STOOL (Steel Legs/Wood Seat)', '', '', '154', 'pc/s', '1900.00', '2013-10-16 00:00:00', '4.01E+12');
INSERT INTO `property` VALUES ('137', 'CLN-SFF22-2013-063', '', 'LABORATORY STOOL (Steel Legs/Wood Seat)', '', '', '154', 'pc/s', '1900.00', '2013-10-16 00:00:00', '4.01E+12');
INSERT INTO `property` VALUES ('138', 'CLN-SFF22-2013-064', '', 'LABORATORY STOOL (Steel Legs/Wood Seat)', '', '', '154', 'pc/s', '1900.00', '2013-10-16 00:00:00', '4.01E+12');
INSERT INTO `property` VALUES ('139', 'CLN-SFF22-2013-065', '', 'LABORATORY STOOL (Steel Legs/Wood Seat)', '', '', '154', 'pc/s', '1900.00', '2013-10-16 00:00:00', '4.01E+12');
INSERT INTO `property` VALUES ('140', 'CLN-SFF22-2013-066', '', 'LABORATORY STOOL (Steel Legs/Wood Seat)', '', '', '154', 'pc/s', '1900.00', '2013-10-16 00:00:00', '4.01E+12');
INSERT INTO `property` VALUES ('141', 'CLN-SFF22-2013-067', '', 'LABORATORY STOOL (Steel Legs/Wood Seat)', '', '', '154', 'pc/s', '1900.00', '2013-10-16 00:00:00', '4.01E+12');
INSERT INTO `property` VALUES ('142', 'CLN-SFF22-2013-068', '', 'LABORATORY STOOL (Steel Legs/Wood Seat)', '', '', '154', 'pc/s', '1900.00', '2013-10-16 00:00:00', '4.01E+12');
INSERT INTO `property` VALUES ('143', 'CLN-SFF22-2013-069', '', 'LABORATORY STOOL (Steel Legs/Wood Seat)', '', '', '154', 'pc/s', '1900.00', '2013-10-16 00:00:00', '4.01E+12');
INSERT INTO `property` VALUES ('144', 'CLN-SFF22-2013-070', '', 'LABORATORY STOOL (Steel Legs/Wood Seat)', '', '', '154', 'pc/s', '1900.00', '2013-10-16 00:00:00', '4.01E+12');
INSERT INTO `property` VALUES ('145', 'CLN-SFF22-2013-071', '', 'LABORATORY STOOL (Steel Legs/Wood Seat)', '', '', '154', 'pc/s', '1900.00', '2013-10-16 00:00:00', '4.01E+12');
INSERT INTO `property` VALUES ('146', 'CLN-SFF22-2013-072', '', 'LABORATORY STOOL (Steel Legs/Wood Seat)', '', '', '154', 'pc/s', '1900.00', '2013-10-16 00:00:00', '4.01E+12');
INSERT INTO `property` VALUES ('147', 'CLN-SFF22-2013-073', '', 'LABORATORY STOOL (Steel Legs/Wood Seat)', '', '', '154', 'pc/s', '1900.00', '2013-10-16 00:00:00', '4.01E+12');
INSERT INTO `property` VALUES ('148', 'CLN-SFF22-2013-074', '', 'LABORATORY STOOL (Steel Legs/Wood Seat)', '', '', '154', 'pc/s', '1900.00', '2013-10-16 00:00:00', '4.01E+12');
INSERT INTO `property` VALUES ('149', 'CLN-SFF22-2013-075', '', 'LABORATORY STOOL (Steel Legs/Wood Seat)', '', '', '154', 'pc/s', '1900.00', '2013-10-16 00:00:00', '4.01E+12');
INSERT INTO `property` VALUES ('150', 'CLN-SFF22-2013-076', '', 'LABORATORY STOOL (Steel Legs/Wood Seat)', '', '', '154', 'pc/s', '1900.00', '2013-10-16 00:00:00', '4.01E+12');
INSERT INTO `property` VALUES ('151', 'CLN-SFF22-2013-077', '', 'LABORATORY STOOL (Steel Legs/Wood Seat)', '', '', '154', 'pc/s', '1900.00', '2013-10-16 00:00:00', '4.01E+12');
INSERT INTO `property` VALUES ('152', 'CLN-SFF22-2013-078', '', 'LABORATORY STOOL (Steel Legs/Wood Seat)', '', '', '154', 'pc/s', '1900.00', '2013-10-16 00:00:00', '4.01E+12');
INSERT INTO `property` VALUES ('153', 'CLN-SFF22-2013-079', '', 'LABORATORY STOOL (Steel Legs/Wood Seat)', '', '', '154', 'pc/s', '1900.00', '2013-10-16 00:00:00', '4.01E+12');
INSERT INTO `property` VALUES ('154', 'CLN-SFF22-2013-080', '', 'LABORATORY STOOL (Steel Legs/Wood Seat)', '', '', '154', 'pc/s', '1900.00', '2013-10-16 00:00:00', '4.01E+12');
INSERT INTO `property` VALUES ('155', 'CLN-SFF23-2014-040', '', 'Monobloc CHAIRS - Coft Jasmine Yellow', '', '', '138', 'pc/s', '550.00', '2013-09-06 00:00:00', '4.01E+12');
INSERT INTO `property` VALUES ('156', '008-SFF23-2010-017', '', 'RUBY WHITE', '', '', '138', 'pc/s', '257.00', '2010-09-28 00:00:00', '2010-09-013');
INSERT INTO `property` VALUES ('157', '008-SFF23-2010-028', '', 'RUBY WHITE', '', '', '138', 'pc/s', '257.00', '2010-09-28 00:00:00', '2010-09-013');
INSERT INTO `property` VALUES ('158', '008-SFF23-2010-035', '', 'RUBY WHITE', '', '', '138', 'pc/s', '257.00', '2010-09-28 00:00:00', '2010-09-013');
INSERT INTO `property` VALUES ('159', '008-SFF23-2010-053', '', 'RUBY WHITE', '', '', '138', 'pc/s', '257.00', '2010-09-28 00:00:00', '2010-09-013');
INSERT INTO `property` VALUES ('160', '008-SFF23-2010-071', '', 'RUBY WHITE', '', '', '138', 'pc/s', '257.00', '2010-09-28 00:00:00', '2010-09-013');
INSERT INTO `property` VALUES ('161', '008-SFF23-2010-100', '', 'RUBY WHITE', '', '', '138', 'pc/s', '257.00', '2010-09-28 00:00:00', '2010-09-013');
INSERT INTO `property` VALUES ('162', '008-SFF23-2010-105', '', 'RUBY WHITE', '', '', '138', 'pc/s', '257.00', '2010-09-28 00:00:00', '2010-09-013');
INSERT INTO `property` VALUES ('163', '008-SFF23-2010-116', '', 'RUBY WHITE', '', '', '138', 'pc/s', '257.00', '2010-09-28 00:00:00', '2010-09-013');
INSERT INTO `property` VALUES ('164', '008-SFF23-2010-120', '', 'RUBY WHITE', '', '', '138', 'pc/s', '257.00', '2010-09-28 00:00:00', '2010-09-013');
INSERT INTO `property` VALUES ('165', '008-SFF23-2010-124', '', 'RUBY WHITE', '', '', '138', 'pc/s', '257.00', '2010-09-28 00:00:00', '2010-09-013');
INSERT INTO `property` VALUES ('166', '008-SFF23-2010-130', '', 'RUBY WHITE', '', '', '138', 'pc/s', '257.00', '2010-09-28 00:00:00', '2010-09-013');
INSERT INTO `property` VALUES ('167', '008-SFF23-2010-150', '', 'RUBY WHITE', '', '', '138', 'pc/s', '257.00', '2010-09-28 00:00:00', '2010-09-013');
INSERT INTO `property` VALUES ('168', '008-SFF23-2010-155', '', 'RUBY WHITE', '', '', '138', 'pc/s', '257.00', '2010-09-28 00:00:00', '2010-09-013');
INSERT INTO `property` VALUES ('169', '008-SFF23-2010-158', '', 'RUBY WHITE', '', '', '138', 'pc/s', '257.00', '2010-09-28 00:00:00', '2010-09-013');
INSERT INTO `property` VALUES ('170', '008-SFF23-2010-176', '', 'RUBY WHITE', '', '', '138', 'pc/s', '257.00', '2010-09-28 00:00:00', '2010-09-013');
INSERT INTO `property` VALUES ('171', '008-SFF23-2010-178', '', 'RUBY WHITE', '', '', '138', 'pc/s', '257.00', '2010-09-28 00:00:00', '2010-09-013');
INSERT INTO `property` VALUES ('172', '008-SFF23-2010-179', '', 'RUBY WHITE', '', '', '138', 'pc/s', '257.00', '2010-09-28 00:00:00', '2010-09-013');
INSERT INTO `property` VALUES ('173', '008-SFF23-2010-180', '', 'RUBY WHITE', '', '', '138', 'pc/s', '257.00', '2010-09-28 00:00:00', '2010-09-013');
INSERT INTO `property` VALUES ('174', '008-SFF23-2010-183', '', 'RUBY WHITE', '', '', '138', 'pc/s', '257.00', '2010-09-28 00:00:00', '2010-09-013');
INSERT INTO `property` VALUES ('175', '008-SFF23-2010-191', '', 'RUBY WHITE', '', '', '138', 'pc/s', '257.00', '2010-09-28 00:00:00', '2010-09-013');
INSERT INTO `property` VALUES ('176', '008-SFF23-2010-211', '', 'RUBY WHITE', '', '', '138', 'pc/s', '257.00', '2010-09-28 00:00:00', '2010-09-013');
INSERT INTO `property` VALUES ('177', '008-SFF23-2010-222', '', 'RUBY WHITE', '', '', '138', 'pc/s', '257.00', '2010-09-28 00:00:00', '2010-09-013');
INSERT INTO `property` VALUES ('178', '008-SFF23-2010-223', '', 'RUBY WHITE', '', '', '138', 'pc/s', '257.00', '2010-09-28 00:00:00', '2010-09-013');
INSERT INTO `property` VALUES ('179', '008-SFF23-2010-227', '', 'RUBY WHITE', '', '', '138', 'pc/s', '257.00', '2010-09-28 00:00:00', '2010-09-013');
INSERT INTO `property` VALUES ('180', '008-SFF23-2010-228', '', 'RUBY WHITE', '', '', '138', 'pc/s', '257.00', '2010-09-28 00:00:00', '2010-09-013');
INSERT INTO `property` VALUES ('181', '008-SFF23-2010-229', '', 'RUBY WHITE', '', '', '138', 'pc/s', '257.00', '2010-09-28 00:00:00', '2010-09-013');
INSERT INTO `property` VALUES ('182', '008-SFF23-2010-239', '', 'RUBY WHITE', '', '', '138', 'pc/s', '257.00', '2010-09-28 00:00:00', '2010-09-013');
INSERT INTO `property` VALUES ('183', '008-SFF23-2010-246', '', 'RUBY WHITE', '', '', '138', 'pc/s', '257.00', '2010-09-28 00:00:00', '2010-09-013');
INSERT INTO `property` VALUES ('184', '008-SFF23-2010-278', '', 'RUBY WHITE', '', '', '138', 'pc/s', '257.00', '2010-09-28 00:00:00', '2010-09-013');
INSERT INTO `property` VALUES ('185', '008-SFF23-2010-279', '', 'RUBY WHITE', '', '', '138', 'pc/s', '257.00', '2010-09-28 00:00:00', '2010-09-013');
INSERT INTO `property` VALUES ('186', '008-SFF23-2010-285', '', 'RUBY WHITE', '', '', '138', 'pc/s', '257.00', '2010-09-28 00:00:00', '2010-09-013');
INSERT INTO `property` VALUES ('187', '008-SFF23-2010-330', '', 'RUBY WHITE', '', '', '138', 'pc/s', '257.00', '2010-09-28 00:00:00', '2010-09-013');
INSERT INTO `property` VALUES ('188', '008-SFF23-2010-361', '', 'RUBY WHITE', '', '', '138', 'pc/s', '257.00', '2010-09-28 00:00:00', '2010-09-013');
INSERT INTO `property` VALUES ('189', '008-SFF23-2010-371', '', 'RUBY WHITE', '', '', '138', 'pc/s', '257.00', '2010-09-28 00:00:00', '2010-09-013');
INSERT INTO `property` VALUES ('190', '008-SFF23-2010-426', '', 'RUBY WHITE', '', '', '138', 'pc/s', '257.00', '2010-09-28 00:00:00', '2010-09-013');
INSERT INTO `property` VALUES ('191', '008-SFF23-2010-437', '', 'RUBY WHITE', '', '', '138', 'pc/s', '257.00', '2010-09-28 00:00:00', '2010-09-013');
INSERT INTO `property` VALUES ('192', '008-SFF23-2010-447', '', 'RUBY WHITE', '', '', '138', 'pc/s', '257.00', '2010-09-28 00:00:00', '2010-09-013');
INSERT INTO `property` VALUES ('193', '008-SFF23-2010-449', '', 'RUBY WHITE', '', '', '138', 'pc/s', '257.00', '2010-09-28 00:00:00', '2010-09-013');
INSERT INTO `property` VALUES ('194', '008-SFF23-2010-451', '', 'RUBY WHITE', '', '', '138', 'pc/s', '257.00', '2010-09-28 00:00:00', '2010-09-013');
INSERT INTO `property` VALUES ('195', '008-SFF23-2010-453', '', 'RUBY WHITE', '', '', '138', 'pc/s', '257.00', '2010-09-28 00:00:00', '2010-09-013');
INSERT INTO `property` VALUES ('196', '008-SFF23-2010-461', '', 'RUBY WHITE', '', '', '138', 'pc/s', '257.00', '2010-09-28 00:00:00', '2010-09-013');
INSERT INTO `property` VALUES ('197', '008-SFF23-2010-494', '', 'RUBY WHITE', '', '', '138', 'pc/s', '257.00', '2010-09-28 00:00:00', '2010-09-013');
INSERT INTO `property` VALUES ('198', '008-OFF53-006', '', 'STEEL CABINET (2 DOOR) GRAY', '', '', '140', 'pc/s', '4500.00', '2004-05-31 00:00:00', '2011-05-007');
INSERT INTO `property` VALUES ('199', 'CLN-SFF11A-2014-008', '', 'Teacher\'s TABLES - Right side with CPU Cabinet', '', '', '139', 'pc/s', '7950.00', '2013-12-03 00:00:00', '4.01E+11');
INSERT INTO `property` VALUES ('200', ' ', ' ', '\"Schedule Holder 5.55\"\" x 8.5\"\" Acrylic', ' 3mm\"', '', '164', '', '0.00', '2016-01-14 00:00:00', '1/14/2016');
INSERT INTO `property` VALUES ('201', ' ', ' ', '\"Announcement Holder 8.5\"\"x11\"\" Acrylic', ' 3mm\"', '', '164', '', '0.00', '2016-01-14 00:00:00', '1/14/2016');
INSERT INTO `property` VALUES ('202', 'CLNOSE14-2014-011', '8.28E+12', 'FCU - Ceiling Cassette (3.0TR)Gree Model#FP-180XD/B-T', 'GREE', 'FP-180D/B-T', '110', 'pc/s', '566.40', '2013-11-28 00:00:00', '4.01E+12');
INSERT INTO `property` VALUES ('203', '008-OSE74-2014-018', '', 'Fire Extinguisher  Drychemical 10lbs', '', '', '88', 'pc/s', '2500.00', '2014-01-14 00:00:00', '4.01E+12');
INSERT INTO `property` VALUES ('204', 'CLNOSE342014-028', 'B042CJAF08-063844', 'LED Projector CASIO XJ-A240', '', '', '115', 'pc/s', '40000.00', '2013-12-07 00:00:00', '4.01E+12');
INSERT INTO `property` VALUES ('205', 'CLN-SFF23-2014-043', '', 'Monobloc CHAIRS - Coft Jasmine Yellow', '', '', '138', 'pc/s', '550.00', '2013-09-06 00:00:00', '4.01E+12');
INSERT INTO `property` VALUES ('206', 'CLN-SFF21-2014-395', '', 'Tablet  CHAIRSs Fiberglass - Black', '', '', '138', 'pc/s', '2150.00', '2014-01-15 00:00:00', '4.01E+11');
INSERT INTO `property` VALUES ('207', 'CLN-SFF21-2014-396', '', 'Tablet  CHAIRSs Fiberglass - Black', '', '', '138', 'pc/s', '2150.00', '2014-01-15 00:00:00', '4.01E+11');
INSERT INTO `property` VALUES ('208', 'CLN-SFF21-2014-397', '', 'Tablet  CHAIRSs Fiberglass - Black', '', '', '138', 'pc/s', '2150.00', '2014-01-15 00:00:00', '4.01E+11');
INSERT INTO `property` VALUES ('209', 'CLN-SFF21-2014-398', '', 'Tablet  CHAIRSs Fiberglass - Black', '', '', '138', 'pc/s', '2150.00', '2014-01-15 00:00:00', '4.01E+11');
INSERT INTO `property` VALUES ('210', 'CLN-SFF21-2014-399', '', 'Tablet  CHAIRSs Fiberglass - Black', '', '', '138', 'pc/s', '2150.00', '2014-01-15 00:00:00', '4.01E+11');
INSERT INTO `property` VALUES ('211', 'CLN-SFF21-2014-400', '', 'Tablet  CHAIRSs Fiberglass - Black', '', '', '138', 'pc/s', '2150.00', '2014-01-15 00:00:00', '4.01E+11');
INSERT INTO `property` VALUES ('212', 'CLN-SFF21-2014-401', '', 'Tablet  CHAIRSs Fiberglass - Black', '', '', '138', 'pc/s', '2150.00', '2014-01-15 00:00:00', '4.01E+11');
INSERT INTO `property` VALUES ('213', 'CLN-SFF21-2014-402', '', 'Tablet  CHAIRSs Fiberglass - Black', '', '', '138', 'pc/s', '2150.00', '2014-01-15 00:00:00', '4.01E+11');
INSERT INTO `property` VALUES ('214', 'CLN-SFF21-2014-403', '', 'Tablet  CHAIRSs Fiberglass - Black', '', '', '138', 'pc/s', '2150.00', '2014-01-15 00:00:00', '4.01E+11');
INSERT INTO `property` VALUES ('215', 'CLN-SFF21-2014-404', '', 'Tablet  CHAIRSs Fiberglass - Black', '', '', '138', 'pc/s', '2150.00', '2014-01-15 00:00:00', '4.01E+11');
INSERT INTO `property` VALUES ('216', 'CLN-SFF21-2014-405', '', 'Tablet  CHAIRSs Fiberglass - Black', '', '', '138', 'pc/s', '2150.00', '2014-01-15 00:00:00', '4.01E+11');
INSERT INTO `property` VALUES ('217', 'CLN-SFF21-2014-406', '', 'Tablet  CHAIRSs Fiberglass - Black', '', '', '138', 'pc/s', '2150.00', '2014-01-15 00:00:00', '4.01E+11');
INSERT INTO `property` VALUES ('218', 'CLN-SFF21-2014-407', '', 'Tablet  CHAIRSs Fiberglass - Black', '', '', '138', 'pc/s', '2150.00', '2014-01-15 00:00:00', '4.01E+11');
INSERT INTO `property` VALUES ('219', 'CLN-SFF21-2014-408', '', 'Tablet  CHAIRSs Fiberglass - Black', '', '', '138', 'pc/s', '2150.00', '2014-01-15 00:00:00', '4.01E+11');
INSERT INTO `property` VALUES ('220', 'CLN-SFF21-2014-409', '', 'Tablet  CHAIRSs Fiberglass - Black', '', '', '138', 'pc/s', '2150.00', '2014-01-15 00:00:00', '4.01E+11');
INSERT INTO `property` VALUES ('221', 'CLN-SFF21-2014-410', '', 'Tablet  CHAIRSs Fiberglass - Black', '', '', '138', 'pc/s', '2150.00', '2014-01-15 00:00:00', '4.01E+11');
INSERT INTO `property` VALUES ('222', 'CLN-SFF21-2014-411', '', 'Tablet  CHAIRSs Fiberglass - Black', '', '', '138', 'pc/s', '2150.00', '2014-01-15 00:00:00', '4.01E+11');
INSERT INTO `property` VALUES ('223', 'CLN-SFF21-2014-412', '', 'Tablet  CHAIRSs Fiberglass - Black', '', '', '138', 'pc/s', '2150.00', '2014-01-15 00:00:00', '4.01E+11');
INSERT INTO `property` VALUES ('224', 'CLN-SFF21-2014-413', '', 'Tablet  CHAIRSs Fiberglass - Black', '', '', '138', 'pc/s', '2150.00', '2014-01-15 00:00:00', '4.01E+11');
INSERT INTO `property` VALUES ('225', 'CLN-SFF21-2014-414', '', 'Tablet  CHAIRSs Fiberglass - Black', '', '', '138', 'pc/s', '2150.00', '2014-01-15 00:00:00', '4.01E+11');
INSERT INTO `property` VALUES ('226', 'CLN-SFF21-2014-415', '', 'Tablet  CHAIRSs Fiberglass - Black', '', '', '138', 'pc/s', '2150.00', '2014-01-15 00:00:00', '4.01E+11');
INSERT INTO `property` VALUES ('227', 'CLN-SFF21-2014-416', '', 'Tablet  CHAIRSs Fiberglass - Black', '', '', '138', 'pc/s', '2150.00', '2014-01-15 00:00:00', '4.01E+11');
INSERT INTO `property` VALUES ('228', 'CLN-SFF21-2014-417', '', 'Tablet  CHAIRSs Fiberglass - Black', '', '', '138', 'pc/s', '2150.00', '2014-01-15 00:00:00', '4.01E+11');
INSERT INTO `property` VALUES ('229', 'CLN-SFF21-2014-418', '', 'Tablet  CHAIRSs Fiberglass - Black', '', '', '138', 'pc/s', '2150.00', '2014-01-15 00:00:00', '4.01E+11');
INSERT INTO `property` VALUES ('230', 'CLN-SFF21-2014-419', '', 'Tablet  CHAIRSs Fiberglass - Black', '', '', '138', 'pc/s', '2150.00', '2014-01-15 00:00:00', '4.01E+11');
INSERT INTO `property` VALUES ('231', 'CLN-SFF21-2014-420', '', 'Tablet  CHAIRSs Fiberglass - Black', '', '', '138', 'pc/s', '2150.00', '2014-01-15 00:00:00', '4.01E+11');
INSERT INTO `property` VALUES ('232', 'CLN-SFF21-2014-421', '', 'Tablet  CHAIRSs Fiberglass - Black', '', '', '138', 'pc/s', '2150.00', '2014-01-15 00:00:00', '4.01E+11');
INSERT INTO `property` VALUES ('233', 'CLN-SFF21-2014-422', '', 'Tablet  CHAIRSs Fiberglass - Black', '', '', '138', 'pc/s', '2150.00', '2014-01-15 00:00:00', '4.01E+11');
INSERT INTO `property` VALUES ('234', 'CLN-SFF21-2014-423', '', 'Tablet  CHAIRSs Fiberglass - Black', '', '', '138', 'pc/s', '2150.00', '2014-01-15 00:00:00', '4.01E+11');
INSERT INTO `property` VALUES ('235', 'CLN-SFF21-2014-424', '', 'Tablet  CHAIRSs Fiberglass - Black', '', '', '138', 'pc/s', '2150.00', '2014-01-15 00:00:00', '4.01E+11');
INSERT INTO `property` VALUES ('236', 'CLN-SFF21-2014-425', '', 'Tablet  CHAIRSs Fiberglass - Black', '', '', '138', 'pc/s', '2150.00', '2014-01-15 00:00:00', '4.01E+11');
INSERT INTO `property` VALUES ('237', 'CLN-SFF21-2014-426', '', 'Tablet  CHAIRSs Fiberglass - Black', '', '', '138', 'pc/s', '2150.00', '2014-01-15 00:00:00', '4.01E+11');
INSERT INTO `property` VALUES ('238', 'CLN-SFF21-2014-427', '', 'Tablet  CHAIRSs Fiberglass - Black', '', '', '138', 'pc/s', '2150.00', '2014-01-15 00:00:00', '4.01E+11');
INSERT INTO `property` VALUES ('239', 'CLN-SFF21-2014-428', '', 'Tablet  CHAIRSs Fiberglass - Black', '', '', '138', 'pc/s', '2150.00', '2014-01-15 00:00:00', '4.01E+11');
INSERT INTO `property` VALUES ('240', 'CLN-SFF21-2014-429', '', 'Tablet  CHAIRSs Fiberglass - Black', '', '', '138', 'pc/s', '2150.00', '2014-01-15 00:00:00', '4.01E+11');
INSERT INTO `property` VALUES ('241', 'CLN-SFF21-2014-430', '', 'Tablet  CHAIRSs Fiberglass - Black', '', '', '138', 'pc/s', '2150.00', '2014-01-15 00:00:00', '4.01E+11');
INSERT INTO `property` VALUES ('242', 'CLN-SFF21-2014-431', '', 'Tablet  CHAIRSs Fiberglass - Black', '', '', '138', 'pc/s', '2150.00', '2014-01-15 00:00:00', '4.01E+11');
INSERT INTO `property` VALUES ('243', 'CLN-SFF21-2014-432', '', 'Tablet  CHAIRSs Fiberglass - Black', '', '', '138', 'pc/s', '2150.00', '2014-01-15 00:00:00', '4.01E+11');
INSERT INTO `property` VALUES ('244', 'CLN-SFF21-2014-433', '', 'Tablet  CHAIRSs Fiberglass - Black', '', '', '138', 'pc/s', '2150.00', '2014-01-15 00:00:00', '4.01E+11');
INSERT INTO `property` VALUES ('245', 'CLN-SFF11A-2014-006', '', 'Teacher\'s TABLES - Right side with CPU Cabinet', '', '', '139', 'pc/s', '7950.00', '2013-12-03 00:00:00', '4.01E+11');
INSERT INTO `property` VALUES ('246', 'CLN-SFF75A-2014-011', '', 'Whiteboard wall type 4 x 8', '', '', '165', 'pc/s', '2600.00', '2013-12-13 00:00:00', '4.01E+11');
INSERT INTO `property` VALUES ('247', 'CLN-SFF75A-2014-100', '', 'Whiteboard wall type 4 x 4', '', '', '165', 'pc/s', '1900.00', '2013-12-13 00:00:00', '4.01E+11');
INSERT INTO `property` VALUES ('248', 'CLN-SFF75A-2014-101', '', 'Whiteboard wall type 4 x 4', '', '', '165', 'pc/s', '1900.00', '2013-12-13 00:00:00', '4.01E+11');
INSERT INTO `property` VALUES ('249', ' ', ' ', '\"Schedule Holder 5.55\"\" x 8.5\"\" Acrylic 3mm\"', '', '', '164', 'pc/s', '200.00', '2016-01-14 00:00:00', '4.01E+12');
INSERT INTO `property` VALUES ('250', ' ', ' ', '\"Announcement Holder 8.5\"\"x11\"\" Acrylic 3mm\"', '', '', '164', 'pc/s', '400.00', '2016-01-14 00:00:00', '4.01E+12');
INSERT INTO `property` VALUES ('251', 'CLNOSE14-2014-012', '8.28E+13', 'FCU - Ceiling Cassette (2.5TR)Gree Model#FP-160XD/B-T', 'GREE', 'FP-160XD/B-T', '110', 'pc/s', '532.80', '2013-11-28 00:00:00', '4.01E+12');
INSERT INTO `property` VALUES ('252', 'CLNOSE14-2014-013', '8.28E+13', 'FCU - Ceiling Cassette (2.5TR)Gree Model#FP-160XD/B-T', 'GREE', 'FP-160XD/B-T', '110', 'pc/s', '532.80', '2013-11-28 00:00:00', '4.01E+12');
INSERT INTO `property` VALUES ('253', '008-OSE74-2014-020', '', 'Fire Extinguisher  Drychemical 10lbs', '', '', '88', 'pc/s', '2500.00', '2014-01-14 00:00:00', '4.01E+12');
INSERT INTO `property` VALUES ('254', 'CLNOSE342014-002', 'B042CJAF08-057308', 'LED Projector CASIO XJ-A240', '', '', '115', 'pc/s', '40000.00', '2013-12-07 00:00:00', '4.01E+12');
INSERT INTO `property` VALUES ('255', 'CLN-SFF23-2014-032', '', 'Monobloc CHAIRS - Coft Jasmine Yellow', '', '', '138', 'pc/s', '550.00', '2013-09-06 00:00:00', '4.01E+12');
INSERT INTO `property` VALUES ('256', 'CLN-SFF21-2014-361', '', 'Tablet  CHAIRSs Fiberglass - Black', '', '', '138', 'pc/s', '2150.00', '2014-01-15 00:00:00', '4.01E+11');
INSERT INTO `property` VALUES ('257', 'CLN-SFF21-2014-362', '', 'Tablet  CHAIRSs Fiberglass - Black', '', '', '138', 'pc/s', '2150.00', '2014-01-15 00:00:00', '4.01E+11');
INSERT INTO `property` VALUES ('258', 'CLN-SFF21-2014-363', '', 'Tablet  CHAIRSs Fiberglass - Black', '', '', '138', 'pc/s', '2150.00', '2014-01-15 00:00:00', '4.01E+11');
INSERT INTO `property` VALUES ('259', 'CLN-SFF21-2014-364', '', 'Tablet  CHAIRSs Fiberglass - Black', '', '', '138', 'pc/s', '2150.00', '2014-01-15 00:00:00', '4.01E+11');
INSERT INTO `property` VALUES ('260', 'CLN-SFF21-2014-365', '', 'Tablet  CHAIRSs Fiberglass - Black', '', '', '138', 'pc/s', '2150.00', '2014-01-15 00:00:00', '4.01E+11');
INSERT INTO `property` VALUES ('261', 'CLN-SFF21-2014-366', '', 'Tablet  CHAIRSs Fiberglass - Black', '', '', '138', 'pc/s', '2150.00', '2014-01-15 00:00:00', '4.01E+11');
INSERT INTO `property` VALUES ('262', 'CLN-SFF21-2014-367', '', 'Tablet  CHAIRSs Fiberglass - Black', '', '', '138', 'pc/s', '2150.00', '2014-01-15 00:00:00', '4.01E+11');
INSERT INTO `property` VALUES ('263', 'CLN-SFF21-2014-368', '', 'Tablet  CHAIRSs Fiberglass - Black', '', '', '138', 'pc/s', '2150.00', '2014-01-15 00:00:00', '4.01E+11');
INSERT INTO `property` VALUES ('264', 'CLN-SFF21-2014-369', '', 'Tablet  CHAIRSs Fiberglass - Black', '', '', '138', 'pc/s', '2150.00', '2014-01-15 00:00:00', '4.01E+11');
INSERT INTO `property` VALUES ('265', 'CLN-SFF21-2014-370', '', 'Tablet  CHAIRSs Fiberglass - Black', '', '', '138', 'pc/s', '2150.00', '2014-01-15 00:00:00', '4.01E+11');
INSERT INTO `property` VALUES ('266', 'CLN-SFF21-2014-371', '', 'Tablet  CHAIRSs Fiberglass - Black', '', '', '138', 'pc/s', '2150.00', '2014-01-15 00:00:00', '4.01E+11');
INSERT INTO `property` VALUES ('267', 'CLN-SFF21-2014-372', '', 'Tablet  CHAIRSs Fiberglass - Black', '', '', '138', 'pc/s', '2150.00', '2014-01-15 00:00:00', '4.01E+11');
INSERT INTO `property` VALUES ('268', 'CLN-SFF21-2014-373', '', 'Tablet  CHAIRSs Fiberglass - Black', '', '', '138', 'pc/s', '2150.00', '2014-01-15 00:00:00', '4.01E+11');
INSERT INTO `property` VALUES ('269', 'CLN-SFF21-2014-374', '', 'Tablet  CHAIRSs Fiberglass - Black', '', '', '138', 'pc/s', '2150.00', '2014-01-15 00:00:00', '4.01E+11');
INSERT INTO `property` VALUES ('270', 'CLN-SFF21-2014-375', '', 'Tablet  CHAIRSs Fiberglass - Black', '', '', '138', 'pc/s', '2150.00', '2014-01-15 00:00:00', '4.01E+11');
INSERT INTO `property` VALUES ('271', 'CLN-SFF21-2014-376', '', 'Tablet  CHAIRSs Fiberglass - Black', '', '', '138', 'pc/s', '2150.00', '2014-01-15 00:00:00', '4.01E+11');
INSERT INTO `property` VALUES ('272', 'CLN-SFF21-2014-377', '', 'Tablet  CHAIRSs Fiberglass - Black', '', '', '138', 'pc/s', '2150.00', '2014-01-15 00:00:00', '4.01E+11');
INSERT INTO `property` VALUES ('273', 'CLN-SFF21-2014-378', '', 'Tablet  CHAIRSs Fiberglass - Black', '', '', '138', 'pc/s', '2150.00', '2014-01-15 00:00:00', '4.01E+11');
INSERT INTO `property` VALUES ('274', 'CLN-SFF21-2014-379', '', 'Tablet  CHAIRSs Fiberglass - Black', '', '', '138', 'pc/s', '2150.00', '2014-01-15 00:00:00', '4.01E+11');
INSERT INTO `property` VALUES ('275', 'CLN-SFF21-2014-380', '', 'Tablet  CHAIRSs Fiberglass - Black', '', '', '138', 'pc/s', '2150.00', '2014-01-15 00:00:00', '4.01E+11');
INSERT INTO `property` VALUES ('276', 'CLN-SFF21-2014-381', '', 'Tablet  CHAIRSs Fiberglass - Black', '', '', '138', 'pc/s', '2150.00', '2014-01-15 00:00:00', '4.01E+11');
INSERT INTO `property` VALUES ('277', 'CLN-SFF21-2014-382', '', 'Tablet  CHAIRSs Fiberglass - Black', '', '', '138', 'pc/s', '2150.00', '2014-01-15 00:00:00', '4.01E+11');
INSERT INTO `property` VALUES ('278', 'CLN-SFF21-2014-383', '', 'Tablet  CHAIRSs Fiberglass - Black', '', '', '138', 'pc/s', '2150.00', '2014-01-15 00:00:00', '4.01E+11');
INSERT INTO `property` VALUES ('279', 'CLN-SFF21-2014-384', '', 'Tablet  CHAIRSs Fiberglass - Black', '', '', '138', 'pc/s', '2150.00', '2014-01-15 00:00:00', '4.01E+11');
INSERT INTO `property` VALUES ('280', 'CLN-SFF21-2014-385', '', 'Tablet  CHAIRSs Fiberglass - Black', '', '', '138', 'pc/s', '2150.00', '2014-01-15 00:00:00', '4.01E+11');
INSERT INTO `property` VALUES ('281', 'CLN-SFF21-2014-386', '', 'Tablet  CHAIRSs Fiberglass - Black', '', '', '138', 'pc/s', '2150.00', '2014-01-15 00:00:00', '4.01E+11');
INSERT INTO `property` VALUES ('282', 'CLN-SFF21-2014-387', '', 'Tablet  CHAIRSs Fiberglass - Black', '', '', '138', 'pc/s', '2150.00', '2014-01-15 00:00:00', '4.01E+11');
INSERT INTO `property` VALUES ('283', 'CLN-SFF21-2014-388', '', 'Tablet  CHAIRSs Fiberglass - Black', '', '', '138', 'pc/s', '2150.00', '2014-01-15 00:00:00', '4.01E+11');
INSERT INTO `property` VALUES ('284', 'CLN-SFF21-2014-389', '', 'Tablet  CHAIRSs Fiberglass - Black', '', '', '138', 'pc/s', '2150.00', '2014-01-15 00:00:00', '4.01E+11');
INSERT INTO `property` VALUES ('285', 'CLN-SFF21-2014-390', '', 'Tablet  CHAIRSs Fiberglass - Black', '', '', '138', 'pc/s', '2150.00', '2014-01-15 00:00:00', '4.01E+11');
INSERT INTO `property` VALUES ('286', 'CLN-SFF21-2014-391', '', 'Tablet  CHAIRSs Fiberglass - Black', '', '', '138', 'pc/s', '2150.00', '2014-01-15 00:00:00', '4.01E+11');
INSERT INTO `property` VALUES ('287', 'CLN-SFF21-2014-392', '', 'Tablet  CHAIRSs Fiberglass - Black', '', '', '138', 'pc/s', '2150.00', '2014-01-15 00:00:00', '4.01E+11');
INSERT INTO `property` VALUES ('288', 'CLN-SFF21-2014-393', '', 'Tablet  CHAIRSs Fiberglass - Black', '', '', '138', 'pc/s', '2150.00', '2014-01-15 00:00:00', '4.01E+11');
INSERT INTO `property` VALUES ('289', 'CLN-SFF21-2014-394', '', 'Tablet  CHAIRSs Fiberglass - Black', '', '', '138', 'pc/s', '2150.00', '2014-01-15 00:00:00', '4.01E+11');
INSERT INTO `property` VALUES ('290', 'CLN-SFF21-2014-434', '', 'Tablet  CHAIRSs Fiberglass - Black', '', '', '138', 'pc/s', '2150.00', '2014-01-15 00:00:00', '4.01E+11');
INSERT INTO `property` VALUES ('291', 'CLN-SFF21-2014-435', '', 'Tablet  CHAIRSs Fiberglass - Black', '', '', '138', 'pc/s', '2150.00', '2014-01-15 00:00:00', '4.01E+11');
INSERT INTO `property` VALUES ('292', 'CLN-SFF21-2014-436', '', 'Tablet  CHAIRSs Fiberglass - Black', '', '', '138', 'pc/s', '2150.00', '2014-01-15 00:00:00', '4.01E+11');
INSERT INTO `property` VALUES ('293', 'CLN-SFF21-2014-437', '', 'Tablet  CHAIRSs Fiberglass - Black', '', '', '138', 'pc/s', '2150.00', '2014-01-15 00:00:00', '4.01E+11');
INSERT INTO `property` VALUES ('294', 'CLN-SFF21-2014-438', '', 'Tablet  CHAIRSs Fiberglass - Black', '', '', '138', 'pc/s', '2150.00', '2014-01-15 00:00:00', '4.01E+11');
INSERT INTO `property` VALUES ('295', 'CLN-SFF21-2014-440', '', 'Tablet  CHAIRSs Fiberglass - Black', '', '', '138', 'pc/s', '2150.00', '2014-01-15 00:00:00', '4.01E+11');
INSERT INTO `property` VALUES ('296', 'CLN-SFF21-2014-441', '', 'Tablet  CHAIRSs Fiberglass - Black', '', '', '138', 'pc/s', '2150.00', '2014-01-15 00:00:00', '4.01E+11');
INSERT INTO `property` VALUES ('297', 'CLN-SFF21-2014-442', '', 'Tablet  CHAIRSs Fiberglass - Black', '', '', '138', 'pc/s', '2150.00', '2014-01-15 00:00:00', '4.01E+11');
INSERT INTO `property` VALUES ('298', 'CLN-SFF21-2014-443', '', 'Tablet  CHAIRSs Fiberglass - Black', '', '', '138', 'pc/s', '2150.00', '2014-01-15 00:00:00', '4.01E+11');
INSERT INTO `property` VALUES ('299', 'CLN-SFF21-2014-444', '', 'Tablet  CHAIRSs Fiberglass - Black', '', '', '138', 'pc/s', '2150.00', '2014-01-15 00:00:00', '4.01E+11');
INSERT INTO `property` VALUES ('300', 'CLN-SFF21-2014-445', '', 'Tablet  CHAIRSs Fiberglass - Black', '', '', '138', 'pc/s', '2150.00', '2014-01-15 00:00:00', '4.01E+11');
INSERT INTO `property` VALUES ('301', 'CLN-SFF21-2014-446', '', 'Tablet  CHAIRSs Fiberglass - Black', '', '', '138', 'pc/s', '2150.00', '2014-01-15 00:00:00', '4.01E+11');
INSERT INTO `property` VALUES ('302', 'CLN-SFF21-2014-447', '', 'Tablet  CHAIRSs Fiberglass - Black', '', '', '138', 'pc/s', '2150.00', '2014-01-15 00:00:00', '4.01E+11');
INSERT INTO `property` VALUES ('303', 'CLN-SFF21-2014-448', '', 'Tablet  CHAIRSs Fiberglass - Black', '', '', '138', 'pc/s', '2150.00', '2014-01-15 00:00:00', '4.01E+11');
INSERT INTO `property` VALUES ('304', 'CLN-SFF21-2014-449', '', 'Tablet  CHAIRSs Fiberglass - Black', '', '', '138', 'pc/s', '2150.00', '2014-01-15 00:00:00', '4.01E+11');
INSERT INTO `property` VALUES ('305', 'CLN-SFF21-2014-450', '', 'Tablet  CHAIRSs Fiberglass - Black', '', '', '138', 'pc/s', '2150.00', '2014-01-15 00:00:00', '4.01E+11');
INSERT INTO `property` VALUES ('306', 'CLN-SFF21-2014-451', '', 'Tablet  CHAIRSs Fiberglass - Black', '', '', '138', 'pc/s', '2150.00', '2014-01-15 00:00:00', '4.01E+11');
INSERT INTO `property` VALUES ('307', 'CLN-SFF21-2014-452', '', 'Tablet  CHAIRSs Fiberglass - Black', '', '', '138', 'pc/s', '2150.00', '2014-01-15 00:00:00', '4.01E+11');
INSERT INTO `property` VALUES ('308', 'CLN-SFF21-2014-453', '', 'Tablet  CHAIRSs Fiberglass - Black', '', '', '138', 'pc/s', '2150.00', '2014-01-15 00:00:00', '4.01E+11');
INSERT INTO `property` VALUES ('309', 'CLN-SFF21-2014-454', '', 'Tablet  CHAIRSs Fiberglass - Black', '', '', '138', 'pc/s', '2150.00', '2014-01-15 00:00:00', '4.01E+11');
INSERT INTO `property` VALUES ('310', 'CLN-SFF21-2014-455', '', 'Tablet  CHAIRSs Fiberglass - Black', '', '', '138', 'pc/s', '2150.00', '2014-01-15 00:00:00', '4.01E+11');
INSERT INTO `property` VALUES ('311', 'CLN-SFF21-2014-456', '', 'Tablet  CHAIRSs Fiberglass - Black', '', '', '138', 'pc/s', '2150.00', '2014-01-15 00:00:00', '4.01E+11');
INSERT INTO `property` VALUES ('312', 'CLN-SFF21-2014-457', '', 'Tablet  CHAIRSs Fiberglass - Black', '', '', '138', 'pc/s', '2150.00', '2014-01-15 00:00:00', '4.01E+11');
INSERT INTO `property` VALUES ('313', 'CLN-SFF21-2014-458', '', 'Tablet  CHAIRSs Fiberglass - Black', '', '', '138', 'pc/s', '2150.00', '2014-01-15 00:00:00', '4.01E+11');
INSERT INTO `property` VALUES ('314', 'CLN-SFF21-2014-459', '', 'Tablet  CHAIRSs Fiberglass - Black', '', '', '138', 'pc/s', '2150.00', '2014-01-15 00:00:00', '4.01E+11');
INSERT INTO `property` VALUES ('315', 'CLN-SFF21-2014-460', '', 'Tablet  CHAIRSs Fiberglass - Black', '', '', '138', 'pc/s', '2150.00', '2014-01-15 00:00:00', '4.01E+11');
INSERT INTO `property` VALUES ('316', 'CLN-SFF21-2014-461', '', 'Tablet  CHAIRSs Fiberglass - Black', '', '', '138', 'pc/s', '2150.00', '2014-01-15 00:00:00', '4.01E+11');
INSERT INTO `property` VALUES ('317', 'CLN-SFF21-2014-462', '', 'Tablet  CHAIRSs Fiberglass - Black', '', '', '138', 'pc/s', '2150.00', '2014-01-15 00:00:00', '4.01E+11');
INSERT INTO `property` VALUES ('318', 'CLN-SFF21-2014-463', '', 'Tablet  CHAIRSs Fiberglass - Black', '', '', '138', 'pc/s', '2150.00', '2014-01-15 00:00:00', '4.01E+11');
INSERT INTO `property` VALUES ('319', 'CLN-SFF21-2014-464', '', 'Tablet  CHAIRSs Fiberglass - Black', '', '', '138', 'pc/s', '2150.00', '2014-01-15 00:00:00', '4.01E+11');
INSERT INTO `property` VALUES ('320', 'CLN-SFF21-2014-465', '', 'Tablet  CHAIRSs Fiberglass - Black', '', '', '138', 'pc/s', '2150.00', '2014-01-15 00:00:00', '4.01E+11');
INSERT INTO `property` VALUES ('321', 'CLN-SFF21-2014-466', '', 'Tablet  CHAIRSs Fiberglass - Black', '', '', '138', 'pc/s', '2150.00', '2014-01-15 00:00:00', '4.01E+11');
INSERT INTO `property` VALUES ('322', 'CLN-SFF21-2014-467', '', 'Tablet  CHAIRSs Fiberglass - Black', '', '', '138', 'pc/s', '2150.00', '2014-01-15 00:00:00', '4.01E+11');
INSERT INTO `property` VALUES ('323', 'CLN-SFF21-2014-468', '', 'Tablet  CHAIRSs Fiberglass - Black', '', '', '138', 'pc/s', '2150.00', '2014-01-15 00:00:00', '4.01E+11');
INSERT INTO `property` VALUES ('324', 'CLN-SFF21-2014-469', '', 'Tablet  CHAIRSs Fiberglass - Black', '', '', '138', 'pc/s', '2150.00', '2014-01-15 00:00:00', '4.01E+11');
INSERT INTO `property` VALUES ('325', 'CLN-SFF21-2014-470', '', 'Tablet  CHAIRSs Fiberglass - Black', '', '', '138', 'pc/s', '2150.00', '2014-01-15 00:00:00', '4.01E+11');
INSERT INTO `property` VALUES ('326', 'CLN-SFF21-2014-471', '', 'Tablet  CHAIRSs Fiberglass - Black', '', '', '138', 'pc/s', '2150.00', '2014-01-15 00:00:00', '4.01E+11');
INSERT INTO `property` VALUES ('327', 'CLN-SFF21-2014-472', '', 'Tablet  CHAIRSs Fiberglass - Black', '', '', '138', 'pc/s', '2150.00', '2014-01-15 00:00:00', '4.01E+11');
INSERT INTO `property` VALUES ('328', 'CLN-SFF21-2014-473', '', 'Tablet  CHAIRSs Fiberglass - Black', '', '', '138', 'pc/s', '2150.00', '2014-01-15 00:00:00', '4.01E+11');
INSERT INTO `property` VALUES ('329', 'CLN-SFF21-2014-474', '', 'Tablet  CHAIRSs Fiberglass - Black', '', '', '138', 'pc/s', '2150.00', '2014-01-15 00:00:00', '4.01E+11');
INSERT INTO `property` VALUES ('330', 'CLN-SFF21-2014-475', '', 'Tablet  CHAIRSs Fiberglass - Black', '', '', '138', 'pc/s', '2150.00', '2014-01-15 00:00:00', '4.01E+11');
INSERT INTO `property` VALUES ('331', 'CLN-SFF21-2014-476', '', 'Tablet  CHAIRSs Fiberglass - Black', '', '', '138', 'pc/s', '2150.00', '2014-01-15 00:00:00', '4.01E+11');
INSERT INTO `property` VALUES ('332', 'CLN-SFF21-2014-477', '', 'Tablet  CHAIRSs Fiberglass - Black', '', '', '138', 'pc/s', '2150.00', '2014-01-15 00:00:00', '4.01E+11');
INSERT INTO `property` VALUES ('333', 'CLN-SFF21-2014-478', '', 'Tablet  CHAIRSs Fiberglass - Black', '', '', '138', 'pc/s', '2150.00', '2014-01-15 00:00:00', '4.01E+11');
INSERT INTO `property` VALUES ('334', 'CLN-SFF21-2014-479', '', 'Tablet  CHAIRSs Fiberglass - Black', '', '', '138', 'pc/s', '2150.00', '2014-01-15 00:00:00', '4.01E+11');
INSERT INTO `property` VALUES ('335', 'CLN-SFF21-2014-480', '', 'Tablet  CHAIRSs Fiberglass - Black', '', '', '138', 'pc/s', '2150.00', '2014-01-15 00:00:00', '4.01E+11');
INSERT INTO `property` VALUES ('336', 'CLN-SFF21-2014-481', '', 'Tablet  CHAIRSs Fiberglass - Black', '', '', '138', 'pc/s', '2150.00', '2014-01-15 00:00:00', '4.01E+11');
INSERT INTO `property` VALUES ('337', 'CLN-SFF21-2014-482', '', 'Tablet  CHAIRSs Fiberglass - Black', '', '', '138', 'pc/s', '2150.00', '2014-01-15 00:00:00', '4.01E+11');
INSERT INTO `property` VALUES ('338', 'CLN-SFF21-2014-483', '', 'Tablet  CHAIRSs Fiberglass - Black', '', '', '138', 'pc/s', '2150.00', '2014-01-15 00:00:00', '4.01E+11');
INSERT INTO `property` VALUES ('339', 'CLN-SFF21-2014-484', '', 'Tablet  CHAIRSs Fiberglass - Black', '', '', '138', 'pc/s', '2150.00', '2014-01-15 00:00:00', '4.01E+11');
INSERT INTO `property` VALUES ('340', 'CLN-SFF11B-2014-027', '', 'Teacher\'s TABLES - left side with CPU Cabinet', '', '', '139', 'pc/s', '7950.00', '2013-12-03 00:00:00', '4.01E+11');
INSERT INTO `property` VALUES ('341', 'CLN-SFF75A-2014-012', '', 'Whiteboard wall type 4 x 8', '', '', '165', 'pc/s', '2600.00', '2013-12-13 00:00:00', '4.01E+11');
INSERT INTO `property` VALUES ('342', 'CLN-SFF75A-2014-146', '', 'Whiteboard wall type 4 x 4', '', '', '165', 'pc/s', '1900.00', '2013-12-13 00:00:00', '4.01E+11');
INSERT INTO `property` VALUES ('343', 'CLN-SFF75A-2014-147', '', 'Whiteboard wall type 4 x 4', '', '', '165', 'pc/s', '1900.00', '2013-12-13 00:00:00', '4.01E+11');
INSERT INTO `property` VALUES ('344', ' ', ' ', '\"Schedule Holder 5.55\"\" x 8.5\"\" Acrylic 3mm\"', 'N/A', 'N/A', '164', 'pc/s', '200.00', '2016-01-14 00:00:00', '4.01E+12');
INSERT INTO `property` VALUES ('345', ' ', ' ', '\"Announcement Holder 8.5\"\"x11\"\" Acrylic 3mm\"', 'N/A', 'N/A', '164', 'pc/s', '400.00', '2016-01-14 00:00:00', '4.01E+12');
INSERT INTO `property` VALUES ('346', 'CLNOSE14-2014-027', '8.28E+12', 'FCU - Ceiling Cassette (3.0TR)Gree Model#FP-180XD/B-T', 'GREE', 'FP-180D/B-T', '110', 'pc/s', '566.40', '2013-11-28 00:00:00', '4.01E+12');
INSERT INTO `property` VALUES ('347', '008-OSE74-016', '', 'Fire Extinguisher  Drychemical 10lbs', '', '', '88', 'pc/s', '0.00', '0000-00-00 00:00:00', '');
INSERT INTO `property` VALUES ('348', 'CLNOSE342014-011', 'B042CJAF08-063530', 'LED Projector CASIO XJ-A240', '', '', '115', 'pc/s', '40000.00', '2013-12-07 00:00:00', '4.01E+12');
INSERT INTO `property` VALUES ('349', 'CLN-SFF23-2014-054', '', 'Monobloc CHAIRS - Coft Jasmine Yellow', '', '', '138', 'pc/s', '550.00', '2013-09-06 00:00:00', '4.01E+12');
INSERT INTO `property` VALUES ('350', 'CLN-SFF21-2014-1411', '', 'Tablet  CHAIRSs Fiberglass - Black', '', '', '138', 'pc/s', '2150.00', '2014-01-15 00:00:00', '4.01E+11');
INSERT INTO `property` VALUES ('351', 'CLN-SFF21-2014-1412', '', 'Tablet  CHAIRSs Fiberglass - Black', '', '', '138', 'pc/s', '2150.00', '2014-01-15 00:00:00', '4.01E+11');
INSERT INTO `property` VALUES ('352', 'CLN-SFF21-2014-1413', '', 'Tablet  CHAIRSs Fiberglass - Black', '', '', '138', 'pc/s', '2150.00', '2014-01-15 00:00:00', '4.01E+11');
INSERT INTO `property` VALUES ('353', 'CLN-SFF21-2014-1414', '', 'Tablet  CHAIRSs Fiberglass - Black', '', '', '138', 'pc/s', '2150.00', '2014-01-15 00:00:00', '4.01E+11');
INSERT INTO `property` VALUES ('354', 'CLN-SFF21-2014-1415', '', 'Tablet  CHAIRSs Fiberglass - Black', '', '', '138', 'pc/s', '2150.00', '2014-01-15 00:00:00', '4.01E+11');
INSERT INTO `property` VALUES ('355', 'CLN-SFF21-2014-1416', '', 'Tablet  CHAIRSs Fiberglass - Black', '', '', '138', 'pc/s', '2150.00', '2014-01-15 00:00:00', '4.01E+11');
INSERT INTO `property` VALUES ('356', 'CLN-SFF21-2014-1417', '', 'Tablet  CHAIRSs Fiberglass - Black', '', '', '138', 'pc/s', '2150.00', '2014-01-15 00:00:00', '4.01E+11');
INSERT INTO `property` VALUES ('357', 'CLN-SFF21-2014-1418', '', 'Tablet  CHAIRSs Fiberglass - Black', '', '', '138', 'pc/s', '2150.00', '2014-01-15 00:00:00', '4.01E+11');
INSERT INTO `property` VALUES ('358', 'CLN-SFF21-2014-1419', '', 'Tablet  CHAIRSs Fiberglass - Black', '', '', '138', 'pc/s', '2150.00', '2014-01-15 00:00:00', '4.01E+11');
INSERT INTO `property` VALUES ('359', 'CLN-SFF21-2014-1420', '', 'Tablet  CHAIRSs Fiberglass - Black', '', '', '138', 'pc/s', '2150.00', '2014-01-15 00:00:00', '4.01E+11');
INSERT INTO `property` VALUES ('360', 'CLN-SFF21-2014-1421', '', 'Tablet  CHAIRSs Fiberglass - Black', '', '', '138', 'pc/s', '2150.00', '2014-01-15 00:00:00', '4.01E+11');
INSERT INTO `property` VALUES ('361', 'CLN-SFF21-2014-1422', '', 'Tablet  CHAIRSs Fiberglass - Black', '', '', '138', 'pc/s', '2150.00', '2014-01-15 00:00:00', '4.01E+11');
INSERT INTO `property` VALUES ('362', 'CLN-SFF21-2014-1423', '', 'Tablet  CHAIRSs Fiberglass - Black', '', '', '138', 'pc/s', '2150.00', '2014-01-15 00:00:00', '4.01E+11');
INSERT INTO `property` VALUES ('363', 'CLN-SFF21-2014-1424', '', 'Tablet  CHAIRSs Fiberglass - Black', '', '', '138', 'pc/s', '2150.00', '2014-01-15 00:00:00', '4.01E+11');
INSERT INTO `property` VALUES ('364', 'CLN-SFF21-2014-1425', '', 'Tablet  CHAIRSs Fiberglass - Black', '', '', '138', 'pc/s', '2150.00', '2014-01-15 00:00:00', '4.01E+11');
INSERT INTO `property` VALUES ('365', 'CLN-SFF21-2014-1426', '', 'Tablet  CHAIRSs Fiberglass - Black', '', '', '138', 'pc/s', '2150.00', '2014-01-15 00:00:00', '4.01E+11');
INSERT INTO `property` VALUES ('366', 'CLN-SFF21-2014-1427', '', 'Tablet  CHAIRSs Fiberglass - Black', '', '', '138', 'pc/s', '2150.00', '2014-01-15 00:00:00', '4.01E+11');
INSERT INTO `property` VALUES ('367', 'CLN-SFF21-2014-1428', '', 'Tablet  CHAIRSs Fiberglass - Black', '', '', '138', 'pc/s', '2150.00', '2014-01-15 00:00:00', '4.01E+11');
INSERT INTO `property` VALUES ('368', 'CLN-SFF21-2014-1429', '', 'Tablet  CHAIRSs Fiberglass - Black', '', '', '138', 'pc/s', '2150.00', '2014-01-15 00:00:00', '4.01E+11');
INSERT INTO `property` VALUES ('369', 'CLN-SFF21-2014-1430', '', 'Tablet  CHAIRSs Fiberglass - Black', '', '', '138', 'pc/s', '2150.00', '2014-01-15 00:00:00', '4.01E+11');
INSERT INTO `property` VALUES ('370', 'CLN-SFF21-2014-1431', '', 'Tablet  CHAIRSs Fiberglass - Black', '', '', '138', 'pc/s', '2150.00', '2014-01-15 00:00:00', '4.01E+11');
INSERT INTO `property` VALUES ('371', 'CLN-SFF21-2014-1432', '', 'Tablet  CHAIRSs Fiberglass - Black', '', '', '138', 'pc/s', '2150.00', '2014-01-15 00:00:00', '4.01E+11');
INSERT INTO `property` VALUES ('372', 'CLN-SFF21-2014-1433', '', 'Tablet  CHAIRSs Fiberglass - Black', '', '', '138', 'pc/s', '2150.00', '2014-01-15 00:00:00', '4.01E+11');
INSERT INTO `property` VALUES ('373', 'CLN-SFF21-2014-1434', '', 'Tablet  CHAIRSs Fiberglass - Black', '', '', '138', 'pc/s', '2150.00', '2014-01-15 00:00:00', '4.01E+11');
INSERT INTO `property` VALUES ('374', 'CLN-SFF21-2014-1435', '', 'Tablet  CHAIRSs Fiberglass - Black', '', '', '138', 'pc/s', '2150.00', '2014-01-15 00:00:00', '4.01E+11');
INSERT INTO `property` VALUES ('375', 'CLN-SFF21-2014-1436', '', 'Tablet  CHAIRSs Fiberglass - Black', '', '', '138', 'pc/s', '2150.00', '2014-01-15 00:00:00', '4.01E+11');
INSERT INTO `property` VALUES ('376', 'CLN-SFF21-2014-1437', '', 'Tablet  CHAIRSs Fiberglass - Black', '', '', '138', 'pc/s', '2150.00', '2014-01-15 00:00:00', '4.01E+11');
INSERT INTO `property` VALUES ('377', 'CLN-SFF21-2014-1438', '', 'Tablet  CHAIRSs Fiberglass - Black', '', '', '138', 'pc/s', '2150.00', '2014-01-15 00:00:00', '4.01E+11');
INSERT INTO `property` VALUES ('378', 'CLN-SFF21-2014-1439', '', 'Tablet  CHAIRSs Fiberglass - Black', '', '', '138', 'pc/s', '2150.00', '2014-01-15 00:00:00', '4.01E+11');
INSERT INTO `property` VALUES ('379', 'CLN-SFF21-2014-1440', '', 'Tablet  CHAIRSs Fiberglass - Black', '', '', '138', 'pc/s', '2150.00', '2014-01-15 00:00:00', '4.01E+11');
INSERT INTO `property` VALUES ('380', 'CLN-SFF21-2014-1441', '', 'Tablet  CHAIRSs Fiberglass - Black', '', '', '138', 'pc/s', '2150.00', '2014-01-15 00:00:00', '4.01E+11');
INSERT INTO `property` VALUES ('381', 'CLN-SFF21-2014-1442', '', 'Tablet  CHAIRSs Fiberglass - Black', '', '', '138', 'pc/s', '2150.00', '2014-01-15 00:00:00', '4.01E+11');
INSERT INTO `property` VALUES ('382', 'CLN-SFF21-2014-1443', '', 'Tablet  CHAIRSs Fiberglass - Black', '', '', '138', 'pc/s', '2150.00', '2014-01-15 00:00:00', '4.01E+11');
INSERT INTO `property` VALUES ('383', 'CLN-SFF21-2014-1444', '', 'Tablet  CHAIRSs Fiberglass - Black', '', '', '138', 'pc/s', '2150.00', '2014-01-15 00:00:00', '4.01E+11');
INSERT INTO `property` VALUES ('384', 'CLN-SFF21-2014-1445', '', 'Tablet  CHAIRSs Fiberglass - Black', '', '', '138', 'pc/s', '2150.00', '2014-01-15 00:00:00', '4.01E+11');
INSERT INTO `property` VALUES ('385', 'CLN-SFF21-2014-1446', '', 'Tablet  CHAIRSs Fiberglass - Black', '', '', '138', 'pc/s', '2150.00', '2014-01-15 00:00:00', '4.01E+11');
INSERT INTO `property` VALUES ('386', 'CLN-SFF21-2014-1447', '', 'Tablet  CHAIRSs Fiberglass - Black', '', '', '138', 'pc/s', '2150.00', '2014-01-15 00:00:00', '4.01E+11');
INSERT INTO `property` VALUES ('387', 'CLN-SFF21-2014-1448', '', 'Tablet  CHAIRSs Fiberglass - Black', '', '', '138', 'pc/s', '2150.00', '2014-01-15 00:00:00', '4.01E+11');
INSERT INTO `property` VALUES ('388', 'CLN-SFF21B-2014-001', '', 'Tablet  CHAIRSs Fiberglass - Bluish (Lefthand)', '', '', '138', 'pc/s', '2150.00', '2014-04-10 00:00:00', '4.01E+12');
INSERT INTO `property` VALUES ('389', 'CLN-SFF11A-2014-011', '', 'Teacher\'s TABLES - Right side with CPU Cabinet', '', '', '139', 'pc/s', '7950.00', '2013-12-03 00:00:00', '4.01E+11');
INSERT INTO `property` VALUES ('390', 'CLN-SFF75A-2014-025', '', 'Whiteboard wall type 4 x 8', '', '', '165', 'pc/s', '2600.00', '2013-12-13 00:00:00', '4.01E+11');
INSERT INTO `property` VALUES ('391', 'CLN-SFF75A-2014-126', '', 'Whiteboard wall type 4 x 4', '', '', '165', 'pc/s', '1900.00', '2013-12-13 00:00:00', '4.01E+11');
INSERT INTO `property` VALUES ('392', 'CLN-SFF75A-2014-127', '', 'Whiteboard wall type 4 x 4', '', '', '165', 'pc/s', '1900.00', '2013-12-13 00:00:00', '4.01E+11');
INSERT INTO `property` VALUES ('393', 'CLNOSE14-2014-028', '8.28E+12', 'FCU - Ceiling Cassette (3.0TR)Gree Model#FP-180XD/B-T', 'GREE', 'FP-180D/B-T', '110', 'pc/s', '566.40', '2013-11-28 00:00:00', '4.01E+12');
INSERT INTO `property` VALUES ('394', '008-OSE74-004', '', 'Fire Extinguisher  Drychemical 10lbs', '', '', '88', 'pc/s', '0.00', '0000-00-00 00:00:00', '');
INSERT INTO `property` VALUES ('395', 'CLNOSE342014-005', 'B042CJAF08-057421', 'LED Projector CASIO XJ-A240', '', '', '115', 'pc/s', '40000.00', '2013-12-07 00:00:00', '4.01E+12');
INSERT INTO `property` VALUES ('396', 'CLN-SFF23-2014-017', '', 'Monobloc CHAIRS - Coft Jasmine Yellow', '', '', '138', 'pc/s', '550.00', '2013-09-06 00:00:00', '4.01E+12');
INSERT INTO `property` VALUES ('397', 'CLN-SFF21-2014-955', '', 'Tablet  CHAIRSs Fiberglass - Black', '', '', '138', 'pc/s', '2150.00', '2014-01-15 00:00:00', '4.01E+11');
INSERT INTO `property` VALUES ('398', 'CLN-SFF21-2014-956', '', 'Tablet  CHAIRSs Fiberglass - Black', '', '', '138', 'pc/s', '2150.00', '2014-01-15 00:00:00', '4.01E+11');
INSERT INTO `property` VALUES ('399', 'CLN-SFF21-2014-957', '', 'Tablet  CHAIRSs Fiberglass - Black', '', '', '138', 'pc/s', '2150.00', '2014-01-15 00:00:00', '4.01E+11');
INSERT INTO `property` VALUES ('400', 'CLN-SFF21-2014-958', '', 'Tablet  CHAIRSs Fiberglass - Black', '', '', '138', 'pc/s', '2150.00', '2014-01-15 00:00:00', '4.01E+11');
INSERT INTO `property` VALUES ('401', 'CLN-SFF21-2014-959', '', 'Tablet  CHAIRSs Fiberglass - Black', '', '', '138', 'pc/s', '2150.00', '2014-01-15 00:00:00', '4.01E+11');
INSERT INTO `property` VALUES ('402', 'CLN-SFF21-2014-960', '', 'Tablet  CHAIRSs Fiberglass - Black', '', '', '138', 'pc/s', '2150.00', '2014-01-15 00:00:00', '4.01E+11');
INSERT INTO `property` VALUES ('403', 'CLN-SFF21-2014-961', '', 'Tablet  CHAIRSs Fiberglass - Black', '', '', '138', 'pc/s', '2150.00', '2014-01-15 00:00:00', '4.01E+11');
INSERT INTO `property` VALUES ('404', 'CLN-SFF21-2014-962', '', 'Tablet  CHAIRSs Fiberglass - Black', '', '', '138', 'pc/s', '2150.00', '2014-01-15 00:00:00', '4.01E+11');
INSERT INTO `property` VALUES ('405', 'CLN-SFF21-2014-963', '', 'Tablet  CHAIRSs Fiberglass - Black', '', '', '138', 'pc/s', '2150.00', '2014-01-15 00:00:00', '4.01E+11');
INSERT INTO `property` VALUES ('406', 'CLN-SFF21-2014-964', '', 'Tablet  CHAIRSs Fiberglass - Black', '', '', '138', 'pc/s', '2150.00', '2014-01-15 00:00:00', '4.01E+11');
INSERT INTO `property` VALUES ('407', 'CLN-SFF21-2014-965', '', 'Tablet  CHAIRSs Fiberglass - Black', '', '', '138', 'pc/s', '2150.00', '2014-01-15 00:00:00', '4.01E+11');
INSERT INTO `property` VALUES ('408', 'CLN-SFF21-2014-966', '', 'Tablet  CHAIRSs Fiberglass - Black', '', '', '138', 'pc/s', '2150.00', '2014-01-15 00:00:00', '4.01E+11');
INSERT INTO `property` VALUES ('409', 'CLN-SFF21-2014-967', '', 'Tablet  CHAIRSs Fiberglass - Black', '', '', '138', 'pc/s', '2150.00', '2014-01-15 00:00:00', '4.01E+11');
INSERT INTO `property` VALUES ('410', 'CLN-SFF21-2014-968', '', 'Tablet  CHAIRSs Fiberglass - Black', '', '', '138', 'pc/s', '2150.00', '2014-01-15 00:00:00', '4.01E+11');
INSERT INTO `property` VALUES ('411', 'CLN-SFF21-2014-969', '', 'Tablet  CHAIRSs Fiberglass - Black', '', '', '138', 'pc/s', '2150.00', '2014-01-15 00:00:00', '4.01E+11');
INSERT INTO `property` VALUES ('412', 'CLN-SFF21-2014-970', '', 'Tablet  CHAIRSs Fiberglass - Black', '', '', '138', 'pc/s', '2150.00', '2014-01-15 00:00:00', '4.01E+11');
INSERT INTO `property` VALUES ('413', 'CLN-SFF21-2014-971', '', 'Tablet  CHAIRSs Fiberglass - Black', '', '', '138', 'pc/s', '2150.00', '2014-01-15 00:00:00', '4.01E+11');
INSERT INTO `property` VALUES ('414', 'CLN-SFF21-2014-972', '', 'Tablet  CHAIRSs Fiberglass - Black', '', '', '138', 'pc/s', '2150.00', '2014-01-15 00:00:00', '4.01E+11');
INSERT INTO `property` VALUES ('415', 'CLN-SFF21-2014-973', '', 'Tablet  CHAIRSs Fiberglass - Black', '', '', '138', 'pc/s', '2150.00', '2014-01-15 00:00:00', '4.01E+11');
INSERT INTO `property` VALUES ('416', 'CLN-SFF21-2014-974', '', 'Tablet  CHAIRSs Fiberglass - Black', '', '', '138', 'pc/s', '2150.00', '2014-01-15 00:00:00', '4.01E+11');
INSERT INTO `property` VALUES ('417', 'CLN-SFF21-2014-975', '', 'Tablet  CHAIRSs Fiberglass - Black', '', '', '138', 'pc/s', '2150.00', '2014-01-15 00:00:00', '4.01E+11');
INSERT INTO `property` VALUES ('418', 'CLN-SFF21-2014-976', '', 'Tablet  CHAIRSs Fiberglass - Black', '', '', '138', 'pc/s', '2150.00', '2014-01-15 00:00:00', '4.01E+11');
INSERT INTO `property` VALUES ('419', 'CLN-SFF21-2014-977', '', 'Tablet  CHAIRSs Fiberglass - Black', '', '', '138', 'pc/s', '2150.00', '2014-01-15 00:00:00', '4.01E+11');
INSERT INTO `property` VALUES ('420', 'CLN-SFF21-2014-978', '', 'Tablet  CHAIRSs Fiberglass - Black', '', '', '138', 'pc/s', '2150.00', '2014-01-15 00:00:00', '4.01E+11');
INSERT INTO `property` VALUES ('421', 'CLN-SFF21-2014-979', '', 'Tablet  CHAIRSs Fiberglass - Black', '', '', '138', 'pc/s', '2150.00', '2014-01-15 00:00:00', '4.01E+11');
INSERT INTO `property` VALUES ('422', 'CLN-SFF21-2014-980', '', 'Tablet  CHAIRSs Fiberglass - Black', '', '', '138', 'pc/s', '2150.00', '2014-01-15 00:00:00', '4.01E+11');
INSERT INTO `property` VALUES ('423', 'CLN-SFF21-2014-981', '', 'Tablet  CHAIRSs Fiberglass - Black', '', '', '138', 'pc/s', '2150.00', '2014-01-15 00:00:00', '4.01E+11');
INSERT INTO `property` VALUES ('424', 'CLN-SFF21-2014-982', '', 'Tablet  CHAIRSs Fiberglass - Black', '', '', '138', 'pc/s', '2150.00', '2014-01-15 00:00:00', '4.01E+11');
INSERT INTO `property` VALUES ('425', 'CLN-SFF21-2014-983', '', 'Tablet  CHAIRSs Fiberglass - Black', '', '', '138', 'pc/s', '2150.00', '2014-01-15 00:00:00', '4.01E+11');
INSERT INTO `property` VALUES ('426', 'CLN-SFF21-2014-984', '', 'Tablet  CHAIRSs Fiberglass - Black', '', '', '138', 'pc/s', '2150.00', '2014-01-15 00:00:00', '4.01E+11');
INSERT INTO `property` VALUES ('427', 'CLN-SFF21-2014-985', '', 'Tablet  CHAIRSs Fiberglass - Black', '', '', '138', 'pc/s', '2150.00', '2014-01-15 00:00:00', '4.01E+11');
INSERT INTO `property` VALUES ('428', 'CLN-SFF21-2014-986', '', 'Tablet  CHAIRSs Fiberglass - Black', '', '', '138', 'pc/s', '2150.00', '2014-01-15 00:00:00', '4.01E+11');
INSERT INTO `property` VALUES ('429', 'CLN-SFF21-2014-987', '', 'Tablet  CHAIRSs Fiberglass - Black', '', '', '138', 'pc/s', '2150.00', '2014-01-15 00:00:00', '4.01E+11');
INSERT INTO `property` VALUES ('430', 'CLN-SFF21-2014-988', '', 'Tablet  CHAIRSs Fiberglass - Black', '', '', '138', 'pc/s', '2150.00', '2014-01-15 00:00:00', '4.01E+11');
INSERT INTO `property` VALUES ('431', 'CLN-SFF21-2014-989', '', 'Tablet  CHAIRSs Fiberglass - Black', '', '', '138', 'pc/s', '2150.00', '2014-01-15 00:00:00', '4.01E+11');
INSERT INTO `property` VALUES ('432', 'CLN-SFF21-2014-990', '', 'Tablet  CHAIRSs Fiberglass - Black', '', '', '138', 'pc/s', '2150.00', '2014-01-15 00:00:00', '4.01E+11');
INSERT INTO `property` VALUES ('433', 'CLN-SFF21-2014-991', '', 'Tablet  CHAIRSs Fiberglass - Black', '', '', '138', 'pc/s', '2150.00', '2014-01-15 00:00:00', '4.01E+11');
INSERT INTO `property` VALUES ('434', 'CLN-SFF21-2014-992', '', 'Tablet  CHAIRSs Fiberglass - Black', '', '', '138', 'pc/s', '2150.00', '2014-01-15 00:00:00', '4.01E+11');
INSERT INTO `property` VALUES ('435', 'CLN-SFF11B-2014-012', '', 'Teacher\'s TABLES - left side with CPU Cabinet', '', '', '139', 'pc/s', '7950.00', '2013-12-03 00:00:00', '4.01E+11');
INSERT INTO `property` VALUES ('436', 'CLN-SFF75A-2014-026', '', 'Whiteboard wall type 4 x 8', '', '', '165', 'pc/s', '2600.00', '2013-12-13 00:00:00', '4.01E+11');
INSERT INTO `property` VALUES ('437', 'CLN-SFF75A-2014-128', '', 'Whiteboard wall type 4 x 4', '', '', '165', 'pc/s', '1900.00', '2013-12-13 00:00:00', '4.01E+11');
INSERT INTO `property` VALUES ('438', 'CLN-SFF75A-2014-129', '', 'Whiteboard wall type 4 x 4', '', '', '165', 'pc/s', '1900.00', '2013-12-13 00:00:00', '4.01E+11');
INSERT INTO `property` VALUES ('439', 'CLN-OFF24-2016-003', '', 'Re-upholstery  OFFICE CHAIRS BLACK Gas Lift with Arm rest', '', '', '138', 'pc/s', '0.00', '2016-09-01 00:00:00', '4.01E+12');
INSERT INTO `property` VALUES ('440', 'CLN-OFF24-2016-005', '', 'Re-upholstery  OFFICE CHAIRS BLACK Gas Lift with Arm rest', '', '', '138', 'pc/s', '0.00', '2016-09-01 00:00:00', '4.01E+12');
INSERT INTO `property` VALUES ('441', 'CLN-OFF24-2016-008', '', 'Re-upholstery  OFFICE CHAIRS BLACK Gas Lift with Arm rest', '', '', '138', 'pc/s', '0.00', '2016-09-01 00:00:00', '4.01E+12');
INSERT INTO `property` VALUES ('442', 'CLN-OFF24-2016-011', '', 'Re-upholstery  OFFICE CHAIRS BLACK Gas Lift with Arm rest', '', '', '138', 'pc/s', '0.00', '2016-09-01 00:00:00', '4.01E+12');
INSERT INTO `property` VALUES ('443', ' ', '  ', '\"Schedule Holder 5.55\"\" x 8.5\"\" Acrylic 3mm\"', 'N/A', 'N/A', '164', 'pc/s', '200.00', '2016-01-14 00:00:00', '4.01E+12');
INSERT INTO `property` VALUES ('444', ' ', ' ', '\"Announcement Holder 8.5\"\"x11\"\" Acrylic 3mm\"', 'N/A', 'N/A', '164', 'pc/s', '400.00', '2016-01-14 00:00:00', '4.01E+12');
INSERT INTO `property` VALUES ('445', 'CLNOSE14-2014-029', '8.28E+12', 'FCU - Ceiling Cassette (3.0TR)Gree Model#FP-180XD/B-T', 'GREE', 'FP-180D/B-T', '110', 'pc/s', '566.40', '2013-11-28 00:00:00', '4.01E+12');
INSERT INTO `property` VALUES ('446', '008-OSE74-2016-005', '', 'Fire Extinguisher  Drychemical 10lbs', '', '', '88', 'pc/s', '1950.00', '2016-06-06 00:00:00', '4.01E+12');
INSERT INTO `property` VALUES ('447', 'CLNOSE342014-037', 'B042CJAF08-064003', 'LED Projector CASIO XJ-A240', '', '', '115', 'pc/s', '40000.00', '2013-12-07 00:00:00', '4.01E+12');
INSERT INTO `property` VALUES ('448', 'CLN-SFF23-2014-045', '', 'Monobloc CHAIRS - Coft Jasmine Yellow', '', '', '138', 'pc/s', '550.00', '2013-09-06 00:00:00', '4.01E+12');
INSERT INTO `property` VALUES ('449', 'CLN-SFF21-2014-1000', '', 'Tablet  CHAIRSs Fiberglass - Black', '', '', '138', 'pc/s', '2150.00', '2014-01-15 00:00:00', '4.01E+11');
INSERT INTO `property` VALUES ('450', 'CLN-SFF21-2014-1001', '', 'Tablet  CHAIRSs Fiberglass - Black', '', '', '138', 'pc/s', '2150.00', '2014-01-15 00:00:00', '4.01E+11');
INSERT INTO `property` VALUES ('451', 'CLN-SFF21-2014-1002', '', 'Tablet  CHAIRSs Fiberglass - Black', '', '', '138', 'pc/s', '2150.00', '2014-01-15 00:00:00', '4.01E+11');
INSERT INTO `property` VALUES ('452', 'CLN-SFF21-2014-1003', '', 'Tablet  CHAIRSs Fiberglass - Black', '', '', '138', 'pc/s', '2150.00', '2014-01-15 00:00:00', '4.01E+11');
INSERT INTO `property` VALUES ('453', 'CLN-SFF21-2014-1004', '', 'Tablet  CHAIRSs Fiberglass - Black', '', '', '138', 'pc/s', '2150.00', '2014-01-15 00:00:00', '4.01E+11');
INSERT INTO `property` VALUES ('454', 'CLN-SFF21-2014-1005', '', 'Tablet  CHAIRSs Fiberglass - Black', '', '', '138', 'pc/s', '2150.00', '2014-01-15 00:00:00', '4.01E+11');
INSERT INTO `property` VALUES ('455', 'CLN-SFF21-2014-1006', '', 'Tablet  CHAIRSs Fiberglass - Black', '', '', '138', 'pc/s', '2150.00', '2014-01-15 00:00:00', '4.01E+11');
INSERT INTO `property` VALUES ('456', 'CLN-SFF21-2014-1007', '', 'Tablet  CHAIRSs Fiberglass - Black', '', '', '138', 'pc/s', '2150.00', '2014-01-15 00:00:00', '4.01E+11');
INSERT INTO `property` VALUES ('457', 'CLN-SFF21-2014-1008', '', 'Tablet  CHAIRSs Fiberglass - Black', '', '', '138', 'pc/s', '2150.00', '2014-01-15 00:00:00', '4.01E+11');
INSERT INTO `property` VALUES ('458', 'CLN-SFF21-2014-1009', '', 'Tablet  CHAIRSs Fiberglass - Black', '', '', '138', 'pc/s', '2150.00', '2014-01-15 00:00:00', '4.01E+11');
INSERT INTO `property` VALUES ('459', 'CLN-SFF21-2014-1010', '', 'Tablet  CHAIRSs Fiberglass - Black', '', '', '138', 'pc/s', '2150.00', '2014-01-15 00:00:00', '4.01E+11');
INSERT INTO `property` VALUES ('460', 'CLN-SFF21-2014-1011', '', 'Tablet  CHAIRSs Fiberglass - Black', '', '', '138', 'pc/s', '2150.00', '2014-01-15 00:00:00', '4.01E+11');
INSERT INTO `property` VALUES ('461', 'CLN-SFF21-2014-1012', '', 'Tablet  CHAIRSs Fiberglass - Black', '', '', '138', 'pc/s', '2150.00', '2014-01-15 00:00:00', '4.01E+11');
INSERT INTO `property` VALUES ('462', 'CLN-SFF21-2014-1013', '', 'Tablet  CHAIRSs Fiberglass - Black', '', '', '138', 'pc/s', '2150.00', '2014-01-15 00:00:00', '4.01E+11');
INSERT INTO `property` VALUES ('463', 'CLN-SFF21-2014-1014', '', 'Tablet  CHAIRSs Fiberglass - Black', '', '', '138', 'pc/s', '2150.00', '2014-01-15 00:00:00', '4.01E+11');
INSERT INTO `property` VALUES ('464', 'CLN-SFF21-2014-1015', '', 'Tablet  CHAIRSs Fiberglass - Black', '', '', '138', 'pc/s', '2150.00', '2014-01-15 00:00:00', '4.01E+11');
INSERT INTO `property` VALUES ('465', 'CLN-SFF21-2014-1016', '', 'Tablet  CHAIRSs Fiberglass - Black', '', '', '138', 'pc/s', '2150.00', '2014-01-15 00:00:00', '4.01E+11');
INSERT INTO `property` VALUES ('466', 'CLN-SFF21-2014-1017', '', 'Tablet  CHAIRSs Fiberglass - Black', '', '', '138', 'pc/s', '2150.00', '2014-01-15 00:00:00', '4.01E+11');
INSERT INTO `property` VALUES ('467', 'CLN-SFF21-2014-993', '', 'Tablet  CHAIRSs Fiberglass - Black', '', '', '138', 'pc/s', '2150.00', '2014-01-15 00:00:00', '4.01E+11');
INSERT INTO `property` VALUES ('468', 'CLN-SFF21-2014-994', '', 'Tablet  CHAIRSs Fiberglass - Black', '', '', '138', 'pc/s', '2150.00', '2014-01-15 00:00:00', '4.01E+11');
INSERT INTO `property` VALUES ('469', 'CLN-SFF21-2014-995', '', 'Tablet  CHAIRSs Fiberglass - Black', '', '', '138', 'pc/s', '2150.00', '2014-01-15 00:00:00', '4.01E+11');
INSERT INTO `property` VALUES ('470', 'CLN-SFF21-2014-996', '', 'Tablet  CHAIRSs Fiberglass - Black', '', '', '138', 'pc/s', '2150.00', '2014-01-15 00:00:00', '4.01E+11');
INSERT INTO `property` VALUES ('471', 'CLN-SFF21-2014-997', '', 'Tablet  CHAIRSs Fiberglass - Black', '', '', '138', 'pc/s', '2150.00', '2014-01-15 00:00:00', '4.01E+11');
INSERT INTO `property` VALUES ('472', 'CLN-SFF21-2014-998', '', 'Tablet  CHAIRSs Fiberglass - Black', '', '', '138', 'pc/s', '2150.00', '2014-01-15 00:00:00', '4.01E+11');
INSERT INTO `property` VALUES ('473', 'CLN-SFF21-2014-999', '', 'Tablet  CHAIRSs Fiberglass - Black', '', '', '138', 'pc/s', '2150.00', '2014-01-15 00:00:00', '4.01E+11');
INSERT INTO `property` VALUES ('474', 'CLN-SFF11B-2014-013', '', 'Teacher\'s TABLES - left side with CPU Cabinet', '', '', '139', 'pc/s', '7950.00', '2013-12-03 00:00:00', '4.01E+11');
INSERT INTO `property` VALUES ('475', 'CLN-SFF75A-2014-027', '', 'Whiteboard wall type 4 x 8', '', '', '165', 'pc/s', '2600.00', '2013-12-13 00:00:00', '4.01E+11');
INSERT INTO `property` VALUES ('476', 'CLN-SFF75A-2014-130', '', 'Whiteboard wall type 4 x 4', '', '', '165', 'pc/s', '1900.00', '2013-12-13 00:00:00', '4.01E+11');
INSERT INTO `property` VALUES ('477', 'CLN-SFF75A-2014-131', '', 'Whiteboard wall type 4 x 4', '', '', '165', 'pc/s', '1900.00', '2013-12-13 00:00:00', '4.01E+11');
INSERT INTO `property` VALUES ('478', ' ', ' ', '\"Schedule Holder 5.55\"\" x 8.5\"\" Acrylic 3mm\"', 'N/A', 'N/A', '164', 'pc/s', '200.00', '2016-01-14 00:00:00', '4.01E+12');
INSERT INTO `property` VALUES ('479', ' ', ' ', '\"Announcement Holder 8.5\"\"x11\"\" Acrylic 3mm\"', 'N/A', 'N/A', '164', 'pc/s', '400.00', '2016-01-14 00:00:00', '4.01E+12');
INSERT INTO `property` VALUES ('480', 'CLNOSE14-2014-030', '8.28E+12', 'FCU - Ceiling Cassette (3.0TR)Gree Model#FP-180XD/B-T', 'GREE', 'FP-180D/B-T', '110', 'pc/s', '566.40', '2013-11-28 00:00:00', '4.01E+12');
INSERT INTO `property` VALUES ('481', '008-OSE74-039', '', 'Fire Extinguisher  Drychemical 10lbs', '', '', '88', 'pc/s', '0.00', '0000-00-00 00:00:00', '');
INSERT INTO `property` VALUES ('482', 'CLNOSE342014-004', 'B042CJAF08-057342', 'LED Projector CASIO XJ-A240', '', '', '115', 'pc/s', '40000.00', '2013-12-07 00:00:00', '4.01E+12');
INSERT INTO `property` VALUES ('483', 'CLN-SFF23-2014-013', '', 'Monobloc CHAIRS - Coft Jasmine Yellow', '', '', '138', 'pc/s', '550.00', '2013-09-06 00:00:00', '4.01E+12');
INSERT INTO `property` VALUES ('484', 'CLN-SFF21-2014-1018', '', 'Tablet  CHAIRSs Fiberglass - Black', '', '', '138', 'pc/s', '2150.00', '2014-01-15 00:00:00', '4.01E+11');
INSERT INTO `property` VALUES ('485', 'CLN-SFF21-2014-1019', '', 'Tablet  CHAIRSs Fiberglass - Black', '', '', '138', 'pc/s', '2150.00', '2014-01-15 00:00:00', '4.01E+11');
INSERT INTO `property` VALUES ('486', 'CLN-SFF21-2014-1020', '', 'Tablet  CHAIRSs Fiberglass - Black', '', '', '138', 'pc/s', '2150.00', '2014-01-15 00:00:00', '4.01E+11');
INSERT INTO `property` VALUES ('487', 'CLN-SFF21-2014-1021', '', 'Tablet  CHAIRSs Fiberglass - Black', '', '', '138', 'pc/s', '2150.00', '2014-01-15 00:00:00', '4.01E+11');
INSERT INTO `property` VALUES ('488', 'CLN-SFF21-2014-1022', '', 'Tablet  CHAIRSs Fiberglass - Black', '', '', '138', 'pc/s', '2150.00', '2014-01-15 00:00:00', '4.01E+11');
INSERT INTO `property` VALUES ('489', 'CLN-SFF21-2014-1023', '', 'Tablet  CHAIRSs Fiberglass - Black', '', '', '138', 'pc/s', '2150.00', '2014-01-15 00:00:00', '4.01E+11');
INSERT INTO `property` VALUES ('490', 'CLN-SFF21-2014-1024', '', 'Tablet  CHAIRSs Fiberglass - Black', '', '', '138', 'pc/s', '2150.00', '2014-01-15 00:00:00', '4.01E+11');
INSERT INTO `property` VALUES ('491', 'CLN-SFF21-2014-1025', '', 'Tablet  CHAIRSs Fiberglass - Black', '', '', '138', 'pc/s', '2150.00', '2014-01-15 00:00:00', '4.01E+11');
INSERT INTO `property` VALUES ('492', 'CLN-SFF21-2014-1026', '', 'Tablet  CHAIRSs Fiberglass - Black', '', '', '138', 'pc/s', '2150.00', '2014-01-15 00:00:00', '4.01E+11');
INSERT INTO `property` VALUES ('493', 'CLN-SFF21-2014-1027', '', 'Tablet  CHAIRSs Fiberglass - Black', '', '', '138', 'pc/s', '2150.00', '2014-01-15 00:00:00', '4.01E+11');
INSERT INTO `property` VALUES ('494', 'CLN-SFF21-2014-1028', '', 'Tablet  CHAIRSs Fiberglass - Black', '', '', '138', 'pc/s', '2150.00', '2014-01-15 00:00:00', '4.01E+11');
INSERT INTO `property` VALUES ('495', 'CLN-SFF21-2014-1029', '', 'Tablet  CHAIRSs Fiberglass - Black', '', '', '138', 'pc/s', '2150.00', '2014-01-15 00:00:00', '4.01E+11');
INSERT INTO `property` VALUES ('496', 'CLN-SFF21-2014-1030', '', 'Tablet  CHAIRSs Fiberglass - Black', '', '', '138', 'pc/s', '2150.00', '2014-01-15 00:00:00', '4.01E+11');
INSERT INTO `property` VALUES ('497', 'CLN-SFF21-2014-1031', '', 'Tablet  CHAIRSs Fiberglass - Black', '', '', '138', 'pc/s', '2150.00', '2014-01-15 00:00:00', '4.01E+11');
INSERT INTO `property` VALUES ('498', 'CLN-SFF21-2014-1032', '', 'Tablet  CHAIRSs Fiberglass - Black', '', '', '138', 'pc/s', '2150.00', '2014-01-15 00:00:00', '4.01E+11');
INSERT INTO `property` VALUES ('499', 'CLN-SFF21-2014-1033', '', 'Tablet  CHAIRSs Fiberglass - Black', '', '', '138', 'pc/s', '2150.00', '2014-01-15 00:00:00', '4.01E+11');
INSERT INTO `property` VALUES ('500', 'CLN-SFF21-2014-1034', '', 'Tablet  CHAIRSs Fiberglass - Black', '', '', '138', 'pc/s', '2150.00', '2014-01-15 00:00:00', '4.01E+11');
INSERT INTO `property` VALUES ('501', 'CLN-SFF21-2014-1035', '', 'Tablet  CHAIRSs Fiberglass - Black', '', '', '138', 'pc/s', '2150.00', '2014-01-15 00:00:00', '4.01E+11');
INSERT INTO `property` VALUES ('502', 'CLN-SFF21-2014-1036', '', 'Tablet  CHAIRSs Fiberglass - Black', '', '', '138', 'pc/s', '2150.00', '2014-01-15 00:00:00', '4.01E+11');
INSERT INTO `property` VALUES ('503', 'CLN-SFF21-2014-1037', '', 'Tablet  CHAIRSs Fiberglass - Black', '', '', '138', 'pc/s', '2150.00', '2014-01-15 00:00:00', '4.01E+11');
INSERT INTO `property` VALUES ('504', 'CLN-SFF21-2014-1038', '', 'Tablet  CHAIRSs Fiberglass - Black', '', '', '138', 'pc/s', '2150.00', '2014-01-15 00:00:00', '4.01E+11');
INSERT INTO `property` VALUES ('505', 'CLN-SFF21-2014-1039', '', 'Tablet  CHAIRSs Fiberglass - Black', '', '', '138', 'pc/s', '2150.00', '2014-01-15 00:00:00', '4.01E+11');
INSERT INTO `property` VALUES ('506', 'CLN-SFF21-2014-1040', '', 'Tablet  CHAIRSs Fiberglass - Black', '', '', '138', 'pc/s', '2150.00', '2014-01-15 00:00:00', '4.01E+11');
INSERT INTO `property` VALUES ('507', 'CLN-SFF21-2014-1041', '', 'Tablet  CHAIRSs Fiberglass - Black', '', '', '138', 'pc/s', '2150.00', '2014-01-15 00:00:00', '4.01E+11');
INSERT INTO `property` VALUES ('508', 'CLN-SFF21-2014-1042', '', 'Tablet  CHAIRSs Fiberglass - Black', '', '', '138', 'pc/s', '2150.00', '2014-01-15 00:00:00', '4.01E+11');
INSERT INTO `property` VALUES ('509', 'CLN-SFF21-2014-1043', '', 'Tablet  CHAIRSs Fiberglass - Black', '', '', '138', 'pc/s', '2150.00', '2014-01-15 00:00:00', '4.01E+11');
INSERT INTO `property` VALUES ('510', 'CLN-SFF21-2014-1044', '', 'Tablet  CHAIRSs Fiberglass - Black', '', '', '138', 'pc/s', '2150.00', '2014-01-15 00:00:00', '4.01E+11');
INSERT INTO `property` VALUES ('511', 'CLN-SFF21-2014-1045', '', 'Tablet  CHAIRSs Fiberglass - Black', '', '', '138', 'pc/s', '2150.00', '2014-01-15 00:00:00', '4.01E+11');
INSERT INTO `property` VALUES ('512', 'CLN-SFF21-2014-1046', '', 'Tablet  CHAIRSs Fiberglass - Black', '', '', '138', 'pc/s', '2150.00', '2014-01-15 00:00:00', '4.01E+11');
INSERT INTO `property` VALUES ('513', 'CLN-SFF21-2014-1047', '', 'Tablet  CHAIRSs Fiberglass - Black', '', '', '138', 'pc/s', '2150.00', '2014-01-15 00:00:00', '4.01E+11');
INSERT INTO `property` VALUES ('514', 'CLN-SFF21-2014-1048', '', 'Tablet  CHAIRSs Fiberglass - Black', '', '', '138', 'pc/s', '2150.00', '2014-01-15 00:00:00', '4.01E+11');
INSERT INTO `property` VALUES ('515', 'CLN-SFF21-2014-1049', '', 'Tablet  CHAIRSs Fiberglass - Black', '', '', '138', 'pc/s', '2150.00', '2014-01-15 00:00:00', '4.01E+11');
INSERT INTO `property` VALUES ('516', 'CLN-SFF21-2014-1050', '', 'Tablet  CHAIRSs Fiberglass - Black', '', '', '138', 'pc/s', '2150.00', '2014-01-15 00:00:00', '4.01E+11');
INSERT INTO `property` VALUES ('517', 'CLN-SFF21-2014-1051', '', 'Tablet  CHAIRSs Fiberglass - Black', '', '', '138', 'pc/s', '2150.00', '2014-01-15 00:00:00', '4.01E+11');
INSERT INTO `property` VALUES ('518', 'CLN-SFF21-2014-1052', '', 'Tablet  CHAIRSs Fiberglass - Black', '', '', '138', 'pc/s', '2150.00', '2014-01-15 00:00:00', '4.01E+11');
INSERT INTO `property` VALUES ('519', 'CLN-SFF21-2014-1053', '', 'Tablet  CHAIRSs Fiberglass - Black', '', '', '138', 'pc/s', '2150.00', '2014-01-15 00:00:00', '4.01E+11');
INSERT INTO `property` VALUES ('520', 'CLN-SFF21-2014-1054', '', 'Tablet  CHAIRSs Fiberglass - Black', '', '', '138', 'pc/s', '2150.00', '2014-01-15 00:00:00', '4.01E+11');
INSERT INTO `property` VALUES ('521', 'CLN-SFF21-2014-1055', '', 'Tablet  CHAIRSs Fiberglass - Black', '', '', '138', 'pc/s', '2150.00', '2014-01-15 00:00:00', '4.01E+11');
INSERT INTO `property` VALUES ('522', 'CLN-SFF21-2014-1056', '', 'Tablet  CHAIRSs Fiberglass - Black', '', '', '138', 'pc/s', '2150.00', '2014-01-15 00:00:00', '4.01E+11');
INSERT INTO `property` VALUES ('523', 'CLN-SFF11B-2014-016', '', 'Teacher\'s TABLES - left side with CPU Cabinet', '', '', '139', 'pc/s', '7950.00', '2013-12-03 00:00:00', '4.01E+11');
INSERT INTO `property` VALUES ('524', 'CLN-SFF75A-2014-028', '', 'Whiteboard wall type 4 x 8', '', '', '165', 'pc/s', '2600.00', '2013-12-13 00:00:00', '4.01E+11');
INSERT INTO `property` VALUES ('525', 'CLN-SFF75A-2014-132', '', 'Whiteboard wall type 4 x 4', '', '', '165', 'pc/s', '1900.00', '2013-12-13 00:00:00', '4.01E+11');
INSERT INTO `property` VALUES ('526', 'CLN-SFF75A-2014-133', '', 'Whiteboard wall type 4 x 4', '', '', '165', 'pc/s', '1900.00', '2013-12-13 00:00:00', '4.01E+11');
INSERT INTO `property` VALUES ('527', ' ', ' ', '\"Schedule Holder 5.55\"\" x 8.5\"\" Acrylic 3mm\"', 'N/A', 'N/A', '164', 'pc/s', '200.00', '2016-01-04 00:00:00', '4.01E+12');
INSERT INTO `property` VALUES ('528', ' ', ' ', '\"Announcement Holder 8.5\"\"x11\"\" Acrylic 3mm\"', 'N/A', 'N/A', '164', 'pc/s', '400.00', '2016-01-04 00:00:00', '4.01E+12');
INSERT INTO `property` VALUES ('529', 'CLNOSE14-2014-031', '8.28E+12', 'FCU - Ceiling Cassette (3.0TR)Gree Model#FP-180XD/B-T', 'GREE', 'FP-180D/B-T', '110', 'pc/s', '566.40', '2013-11-28 00:00:00', '4.01E+12');
INSERT INTO `property` VALUES ('530', '008-OSE74-040', '', 'Fire Extinguisher  Drychemical 10lbs', '', '', '88', 'pc/s', '0.00', '0000-00-00 00:00:00', '');
INSERT INTO `property` VALUES ('531', 'CLNOSE342014-009', 'B042CJAF08-057634', 'LED Projector CASIO XJ-A240', '', '', '115', 'pc/s', '40000.00', '2013-12-07 00:00:00', '4.01E+12');
INSERT INTO `property` VALUES ('532', 'CLN-SFF23-2014-011', '', 'Monobloc CHAIRS - Coft Jasmine Yellow', '', '', '138', 'pc/s', '550.00', '2013-09-06 00:00:00', '4.01E+12');
INSERT INTO `property` VALUES ('533', 'CLN-SFF21-2014-1057', '', 'Tablet  CHAIRSs Fiberglass - Black', '', '', '138', 'pc/s', '2150.00', '2014-01-15 00:00:00', '4.01E+11');
INSERT INTO `property` VALUES ('534', 'CLN-SFF21-2014-1058', '', 'Tablet  CHAIRSs Fiberglass - Black', '', '', '138', 'pc/s', '2150.00', '2014-01-15 00:00:00', '4.01E+11');
INSERT INTO `property` VALUES ('535', 'CLN-SFF21-2014-1059', '', 'Tablet  CHAIRSs Fiberglass - Black', '', '', '138', 'pc/s', '2150.00', '2014-01-15 00:00:00', '4.01E+11');
INSERT INTO `property` VALUES ('536', 'CLN-SFF21-2014-1060', '', 'Tablet  CHAIRSs Fiberglass - Black', '', '', '138', 'pc/s', '2150.00', '2014-01-15 00:00:00', '4.01E+11');
INSERT INTO `property` VALUES ('537', 'CLN-SFF21-2014-1061', '', 'Tablet  CHAIRSs Fiberglass - Black', '', '', '138', 'pc/s', '2150.00', '2014-01-15 00:00:00', '4.01E+11');
INSERT INTO `property` VALUES ('538', 'CLN-SFF21-2014-1062', '', 'Tablet  CHAIRSs Fiberglass - Black', '', '', '138', 'pc/s', '2150.00', '2014-01-15 00:00:00', '4.01E+11');
INSERT INTO `property` VALUES ('539', 'CLN-SFF21-2014-1063', '', 'Tablet  CHAIRSs Fiberglass - Black', '', '', '138', 'pc/s', '2150.00', '2014-01-15 00:00:00', '4.01E+11');
INSERT INTO `property` VALUES ('540', 'CLN-SFF21-2014-1064', '', 'Tablet  CHAIRSs Fiberglass - Black', '', '', '138', 'pc/s', '2150.00', '2014-01-15 00:00:00', '4.01E+11');
INSERT INTO `property` VALUES ('541', 'CLN-SFF21-2014-1065', '', 'Tablet  CHAIRSs Fiberglass - Black', '', '', '138', 'pc/s', '2150.00', '2014-01-15 00:00:00', '4.01E+11');
INSERT INTO `property` VALUES ('542', 'CLN-SFF21-2014-1066', '', 'Tablet  CHAIRSs Fiberglass - Black', '', '', '138', 'pc/s', '2150.00', '2014-01-15 00:00:00', '4.01E+11');
INSERT INTO `property` VALUES ('543', 'CLN-SFF21-2014-1067', '', 'Tablet  CHAIRSs Fiberglass - Black', '', '', '138', 'pc/s', '2150.00', '2014-01-15 00:00:00', '4.01E+11');
INSERT INTO `property` VALUES ('544', 'CLN-SFF21-2014-1068', '', 'Tablet  CHAIRSs Fiberglass - Black', '', '', '138', 'pc/s', '2150.00', '2014-01-15 00:00:00', '4.01E+11');
INSERT INTO `property` VALUES ('545', 'CLN-SFF21-2014-1069', '', 'Tablet  CHAIRSs Fiberglass - Black', '', '', '138', 'pc/s', '2150.00', '2014-01-15 00:00:00', '4.01E+11');
INSERT INTO `property` VALUES ('546', 'CLN-SFF21-2014-1070', '', 'Tablet  CHAIRSs Fiberglass - Black', '', '', '138', 'pc/s', '2150.00', '2014-01-15 00:00:00', '4.01E+11');
INSERT INTO `property` VALUES ('547', 'CLN-SFF21-2014-1071', '', 'Tablet  CHAIRSs Fiberglass - Black', '', '', '138', 'pc/s', '2150.00', '2014-01-15 00:00:00', '4.01E+11');
INSERT INTO `property` VALUES ('548', 'CLN-SFF21-2014-1072', '', 'Tablet  CHAIRSs Fiberglass - Black', '', '', '138', 'pc/s', '2150.00', '2014-01-15 00:00:00', '4.01E+11');
INSERT INTO `property` VALUES ('549', 'CLN-SFF21-2014-1073', '', 'Tablet  CHAIRSs Fiberglass - Black', '', '', '138', 'pc/s', '2150.00', '2014-01-15 00:00:00', '4.01E+11');
INSERT INTO `property` VALUES ('550', 'CLN-SFF21-2014-1074', '', 'Tablet  CHAIRSs Fiberglass - Black', '', '', '138', 'pc/s', '2150.00', '2014-01-15 00:00:00', '4.01E+11');
INSERT INTO `property` VALUES ('551', 'CLN-SFF21-2014-1075', '', 'Tablet  CHAIRSs Fiberglass - Black', '', '', '138', 'pc/s', '2150.00', '2014-01-15 00:00:00', '4.01E+11');
INSERT INTO `property` VALUES ('552', 'CLN-SFF21-2014-1076', '', 'Tablet  CHAIRSs Fiberglass - Black', '', '', '138', 'pc/s', '2150.00', '2014-01-15 00:00:00', '4.01E+11');
INSERT INTO `property` VALUES ('553', 'CLN-SFF21-2014-1077', '', 'Tablet  CHAIRSs Fiberglass - Black', '', '', '138', 'pc/s', '2150.00', '2014-01-15 00:00:00', '4.01E+11');
INSERT INTO `property` VALUES ('554', 'CLN-SFF21-2014-1078', '', 'Tablet  CHAIRSs Fiberglass - Black', '', '', '138', 'pc/s', '2150.00', '2014-01-15 00:00:00', '4.01E+11');
INSERT INTO `property` VALUES ('555', 'CLN-SFF21-2014-1079', '', 'Tablet  CHAIRSs Fiberglass - Black', '', '', '138', 'pc/s', '2150.00', '2014-01-15 00:00:00', '4.01E+11');
INSERT INTO `property` VALUES ('556', 'CLN-SFF21-2014-1080', '', 'Tablet  CHAIRSs Fiberglass - Black', '', '', '138', 'pc/s', '2150.00', '2014-01-15 00:00:00', '4.01E+11');
INSERT INTO `property` VALUES ('557', 'CLN-SFF21-2014-1081', '', 'Tablet  CHAIRSs Fiberglass - Black', '', '', '138', 'pc/s', '2150.00', '2014-01-15 00:00:00', '4.01E+11');
INSERT INTO `property` VALUES ('558', 'CLN-SFF11A-2014-012', '', 'Teacher\'s TABLES - Right side with CPU Cabinet', '', '', '139', 'pc/s', '7950.00', '2013-12-03 00:00:00', '4.01E+11');
INSERT INTO `property` VALUES ('559', 'CLN-SFF75A-2014-029', '', 'Whiteboard wall type 4 x 8', '', '', '165', 'pc/s', '2600.00', '2013-12-13 00:00:00', '4.01E+11');
INSERT INTO `property` VALUES ('560', 'CLN-SFF75A-2014-134', '', 'Whiteboard wall type 4 x 4', '', '', '165', 'pc/s', '1900.00', '2013-12-13 00:00:00', '4.01E+11');
INSERT INTO `property` VALUES ('561', 'CLN-SFF75A-2014-135', '', 'Whiteboard wall type 4 x 4', '', '', '165', 'pc/s', '1900.00', '2013-12-13 00:00:00', '4.01E+11');
INSERT INTO `property` VALUES ('562', ' ', ' ', '\"Schedule Holder 5.55\"\" x 8.5\"\" Acrylic 3mm\"', 'N/A', 'N/A', '164', 'pc/s', '200.00', '2016-01-14 00:00:00', '4.01E+12');
INSERT INTO `property` VALUES ('563', ' ', ' ', '\"Announcement Holder 8.5\"\"x11\"\" Acrylic 3mm\"', 'N/A', 'N/A', '164', 'pc/s', '400.00', '2016-01-14 00:00:00', '4.01E+12');
INSERT INTO `property` VALUES ('564', 'CLNOSE14-2014-032', '8.28E+12', 'FCU - Ceiling Cassette (3.0TR)Gree Model#FP-180XD/B-T', 'GREE', 'FP-180D/B-T', '110', 'pc/s', '566.40', '2013-11-28 00:00:00', '4.01E+12');
INSERT INTO `property` VALUES ('565', '008-OSE74-2014-034', '', 'Fire Extinguisher  Drychemical 10lbs', '', '', '88', 'pc/s', '2500.00', '2014-01-14 00:00:00', '4.01E+12');
INSERT INTO `property` VALUES ('566', 'CLNOSE342014-029', 'B042CJAF08-063901', 'LED Projector CASIO XJ-A240', '', '', '115', 'pc/s', '40000.00', '2013-12-07 00:00:00', '4.01E+12');
INSERT INTO `property` VALUES ('567', 'CLN-SFF23-2014-018', '', 'Monobloc CHAIRS - Coft Jasmine Yellow', '', '', '138', 'pc/s', '550.00', '2013-09-06 00:00:00', '4.01E+12');
INSERT INTO `property` VALUES ('568', 'CLN-SFF21B-2014-002', '', 'Tablet  CHAIRSs Fiberglass - Bluish (Lefthand)', '', '', '138', 'pc/s', '2150.00', '2014-04-10 00:00:00', '4.01E+12');
INSERT INTO `property` VALUES ('569', 'CLN-SFF21B-2014-003', '', 'Tablet  CHAIRSs Fiberglass - Bluish (Lefthand)', '', '', '138', 'pc/s', '2150.00', '2014-04-10 00:00:00', '4.01E+12');
INSERT INTO `property` VALUES ('570', 'CLN-SFF21B-2014-004', '', 'Tablet  CHAIRSs Fiberglass - Bluish (Lefthand)', '', '', '138', 'pc/s', '2150.00', '2014-04-10 00:00:00', '4.01E+12');
INSERT INTO `property` VALUES ('571', 'CLN-SFF21B-2014-005', '', 'Tablet  CHAIRSs Fiberglass - Bluish (Lefthand)', '', '', '138', 'pc/s', '2150.00', '2014-04-10 00:00:00', '4.01E+12');
INSERT INTO `property` VALUES ('572', 'CLN-SFF21B-2014-006', '', 'Tablet  CHAIRSs Fiberglass - Bluish (Lefthand)', '', '', '138', 'pc/s', '2150.00', '2014-04-10 00:00:00', '4.01E+12');
INSERT INTO `property` VALUES ('573', 'CLN-SFF21B-2014-007', '', 'Tablet  CHAIRSs Fiberglass - Bluish (Lefthand)', '', '', '138', 'pc/s', '2150.00', '2014-04-10 00:00:00', '4.01E+12');
INSERT INTO `property` VALUES ('574', 'CLN-SFF21B-2014-008', '', 'Tablet  CHAIRSs Fiberglass - Bluish (Lefthand)', '', '', '138', 'pc/s', '2150.00', '2014-04-10 00:00:00', '4.01E+12');
INSERT INTO `property` VALUES ('575', 'CLN-SFF21B-2014-009', '', 'Tablet  CHAIRSs Fiberglass - Bluish (Lefthand)', '', '', '138', 'pc/s', '2150.00', '2014-04-10 00:00:00', '4.01E+12');
INSERT INTO `property` VALUES ('576', 'CLN-SFF21B-2014-010', '', 'Tablet  CHAIRSs Fiberglass - Bluish (Lefthand)', '', '', '138', 'pc/s', '2150.00', '2014-04-10 00:00:00', '4.01E+12');
INSERT INTO `property` VALUES ('577', 'CLN-SFF11B-2014-015', '', 'Teacher\'s TABLES - left side with CPU Cabinet', '', '', '139', 'pc/s', '7950.00', '2013-12-03 00:00:00', '4.01E+11');
INSERT INTO `property` VALUES ('578', 'CLN-SFF75A-2014-030', '', 'Whiteboard wall type 4 x 8', '', '', '165', 'pc/s', '2600.00', '2013-12-13 00:00:00', '4.01E+11');
INSERT INTO `property` VALUES ('579', 'CLN-SFF75A-2014-136', '', 'Whiteboard wall type 4 x 4', '', '', '165', 'pc/s', '1900.00', '2013-12-13 00:00:00', '4.01E+11');
INSERT INTO `property` VALUES ('580', 'CLN-SFF75A-2014-137', '', 'Whiteboard wall type 4 x 4', '', '', '165', 'pc/s', '1900.00', '2013-12-13 00:00:00', '4.01E+11');
INSERT INTO `property` VALUES ('581', ' ', ' ', '\"Schedule Holder 5.55\"\" x 8.5\"\" Acrylic 3mm\"', 'N/A', 'N/A', '164', 'pc/s', '200.00', '2016-01-14 00:00:00', '4.01E+12');
INSERT INTO `property` VALUES ('582', ' ', ' ', '\"Announcement Holder 8.5\"\"x11\"\" Acrylic 3mm\"', 'N/A', 'N/A', '164', 'pc/s', '400.00', '2016-01-14 00:00:00', '4.01E+12');
INSERT INTO `property` VALUES ('583', 'CLNOSE14-2014-033', '8.28E+12', 'FCU - Ceiling Cassette (3.0TR)Gree Model#FP-180XD/B-T', 'GREE', 'FP-180D/B-T', '110', 'pc/s', '566.40', '2013-11-28 00:00:00', '4.01E+12');
INSERT INTO `property` VALUES ('584', '008-OSE74-2016-004', '', 'Fire Extinguisher  Drychemical 10lbs', '', '', '88', 'pc/s', '1950.00', '2016-06-06 00:00:00', '4.01E+12');
INSERT INTO `property` VALUES ('585', 'CLNOSE342014-019', 'B042CJAF08-063675', 'LED Projector CASIO XJ-A240', '', '', '115', 'pc/s', '40000.00', '2013-12-07 00:00:00', '4.01E+12');
INSERT INTO `property` VALUES ('586', 'CLN-SFF23-2014-022', '', 'Monobloc CHAIRS - Coft Jasmine Yellow', '', '', '138', 'pc/s', '550.00', '2013-09-06 00:00:00', '4.01E+12');
INSERT INTO `property` VALUES ('587', 'CLN-SFF11A-2014-013', '', 'Teacher\'s TABLES - Right side with CPU Cabinet', '', '', '139', 'pc/s', '7950.00', '2013-12-03 00:00:00', '4.01E+11');
INSERT INTO `property` VALUES ('588', 'CLN-SFF75A-2014-031', '', 'Whiteboard wall type 4 x 8', '', '', '165', 'pc/s', '2600.00', '2013-12-13 00:00:00', '4.01E+11');
INSERT INTO `property` VALUES ('589', 'CLN-SFF75A-2014-138', '', 'Whiteboard wall type 4 x 4', '', '', '165', 'pc/s', '1900.00', '2013-12-13 00:00:00', '4.01E+11');
INSERT INTO `property` VALUES ('590', 'CLN-SFF75A-2014-139', '', 'Whiteboard wall type 4 x 4', '', '', '165', 'pc/s', '1900.00', '2013-12-13 00:00:00', '4.01E+11');
INSERT INTO `property` VALUES ('591', ' ', ' ', '\"Schedule Holder 5.55\"\" x 8.5\"\" Acrylic 3mm\"', 'N/A', 'N/A', '164', 'pc/s', '200.00', '2016-01-14 00:00:00', '4.01E+12');
INSERT INTO `property` VALUES ('592', ' ', ' ', '\"Announcement Holder 8.5\"\"x11\"\" Acrylic 3mm\"', 'N/A', 'N/A', '164', 'pc/s', '400.00', '2016-01-14 00:00:00', '4.01E+12');
INSERT INTO `property` VALUES ('593', 'CLNOSE14-2014-034', '8.28E+12', 'FCU - Ceiling Cassette (3.0TR)Gree Model#FP-180XD/B-T', 'GREE', 'FP-180D/B-T', '110', 'pc/s', '566.40', '2013-11-28 00:00:00', '4.01E+12');
INSERT INTO `property` VALUES ('594', '008-OSE74-2014-023', '', 'Fire Extinguisher  Drychemical 10lbs', '', '', '88', 'pc/s', '2500.00', '2014-01-14 00:00:00', '4.01E+12');
INSERT INTO `property` VALUES ('595', 'CLNOSE342014-042', 'B042CJAF08-064081', 'LED Projector CASIO XJ-A240', '', '', '115', 'pc/s', '40000.00', '2013-12-07 00:00:00', '4.01E+12');
INSERT INTO `property` VALUES ('596', 'CLN-SFF23-2014-011', '', 'Monobloc CHAIRS - Coft Jasmine Yellow', '', '', '138', 'pc/s', '550.00', '2013-09-06 00:00:00', '4.01E+12');
INSERT INTO `property` VALUES ('597', 'CLN-SFF21-2014-1082', '', 'Tablet  CHAIRSs Fiberglass - Black', '', '', '138', 'pc/s', '2150.00', '2014-01-15 00:00:00', '4.01E+11');
INSERT INTO `property` VALUES ('598', 'CLN-SFF21-2014-1083', '', 'Tablet  CHAIRSs Fiberglass - Black', '', '', '138', 'pc/s', '2150.00', '2014-01-15 00:00:00', '4.01E+11');
INSERT INTO `property` VALUES ('599', 'CLN-SFF21-2014-1084', '', 'Tablet  CHAIRSs Fiberglass - Black', '', '', '138', 'pc/s', '2150.00', '2014-01-15 00:00:00', '4.01E+11');
INSERT INTO `property` VALUES ('600', 'CLN-SFF21-2014-1085', '', 'Tablet  CHAIRSs Fiberglass - Black', '', '', '138', 'pc/s', '2150.00', '2014-01-15 00:00:00', '4.01E+11');
INSERT INTO `property` VALUES ('601', 'CLN-SFF21-2014-1086', '', 'Tablet  CHAIRSs Fiberglass - Black', '', '', '138', 'pc/s', '2150.00', '2014-01-15 00:00:00', '4.01E+11');
INSERT INTO `property` VALUES ('602', 'CLN-SFF21-2014-1087', '', 'Tablet  CHAIRSs Fiberglass - Black', '', '', '138', 'pc/s', '2150.00', '2014-01-15 00:00:00', '4.01E+11');
INSERT INTO `property` VALUES ('603', 'CLN-SFF21-2014-1088', '', 'Tablet  CHAIRSs Fiberglass - Black', '', '', '138', 'pc/s', '2150.00', '2014-01-15 00:00:00', '4.01E+11');
INSERT INTO `property` VALUES ('604', 'CLN-SFF21-2014-1089', '', 'Tablet  CHAIRSs Fiberglass - Black', '', '', '138', 'pc/s', '2150.00', '2014-01-15 00:00:00', '4.01E+11');
INSERT INTO `property` VALUES ('605', 'CLN-SFF21-2014-1090', '', 'Tablet  CHAIRSs Fiberglass - Black', '', '', '138', 'pc/s', '2150.00', '2014-01-15 00:00:00', '4.01E+11');
INSERT INTO `property` VALUES ('606', 'CLN-SFF21-2014-1091', '', 'Tablet  CHAIRSs Fiberglass - Black', '', '', '138', 'pc/s', '2150.00', '2014-01-15 00:00:00', '4.01E+11');
INSERT INTO `property` VALUES ('607', 'CLN-SFF21-2014-1092', '', 'Tablet  CHAIRSs Fiberglass - Black', '', '', '138', 'pc/s', '2150.00', '2014-01-15 00:00:00', '4.01E+11');
INSERT INTO `property` VALUES ('608', 'CLN-SFF21-2014-1093', '', 'Tablet  CHAIRSs Fiberglass - Black', '', '', '138', 'pc/s', '2150.00', '2014-01-15 00:00:00', '4.01E+11');
INSERT INTO `property` VALUES ('609', 'CLN-SFF21-2014-1094', '', 'Tablet  CHAIRSs Fiberglass - Black', '', '', '138', 'pc/s', '2150.00', '2014-01-15 00:00:00', '4.01E+11');
INSERT INTO `property` VALUES ('610', 'CLN-SFF21-2014-1095', '', 'Tablet  CHAIRSs Fiberglass - Black', '', '', '138', 'pc/s', '2150.00', '2014-01-15 00:00:00', '4.01E+11');
INSERT INTO `property` VALUES ('611', 'CLN-SFF21-2014-1096', '', 'Tablet  CHAIRSs Fiberglass - Black', '', '', '138', 'pc/s', '2150.00', '2014-01-15 00:00:00', '4.01E+11');
INSERT INTO `property` VALUES ('612', 'CLN-SFF21-2014-1097', '', 'Tablet  CHAIRSs Fiberglass - Black', '', '', '138', 'pc/s', '2150.00', '2014-01-15 00:00:00', '4.01E+11');
INSERT INTO `property` VALUES ('613', 'CLN-SFF21-2014-1098', '', 'Tablet  CHAIRSs Fiberglass - Black', '', '', '138', 'pc/s', '2150.00', '2014-01-15 00:00:00', '4.01E+11');
INSERT INTO `property` VALUES ('614', 'CLN-SFF21-2014-1099', '', 'Tablet  CHAIRSs Fiberglass - Black', '', '', '138', 'pc/s', '2150.00', '2014-01-15 00:00:00', '4.01E+11');
INSERT INTO `property` VALUES ('615', 'CLN-SFF21-2014-1100', '', 'Tablet  CHAIRSs Fiberglass - Black', '', '', '138', 'pc/s', '2150.00', '2014-01-15 00:00:00', '4.01E+11');
INSERT INTO `property` VALUES ('616', 'CLN-SFF21-2014-1101', '', 'Tablet  CHAIRSs Fiberglass - Black', '', '', '138', 'pc/s', '2150.00', '2014-01-15 00:00:00', '4.01E+11');
INSERT INTO `property` VALUES ('617', 'CLN-SFF21-2014-1102', '', 'Tablet  CHAIRSs Fiberglass - Black', '', '', '138', 'pc/s', '2150.00', '2014-01-15 00:00:00', '4.01E+11');
INSERT INTO `property` VALUES ('618', 'CLN-SFF21-2014-1103', '', 'Tablet  CHAIRSs Fiberglass - Black', '', '', '138', 'pc/s', '2150.00', '2014-01-15 00:00:00', '4.01E+11');
INSERT INTO `property` VALUES ('619', 'CLN-SFF21-2014-1104', '', 'Tablet  CHAIRSs Fiberglass - Black', '', '', '138', 'pc/s', '2150.00', '2014-01-15 00:00:00', '4.01E+11');
INSERT INTO `property` VALUES ('620', 'CLN-SFF21-2014-1105', '', 'Tablet  CHAIRSs Fiberglass - Black', '', '', '138', 'pc/s', '2150.00', '2014-01-15 00:00:00', '4.01E+11');
INSERT INTO `property` VALUES ('621', 'CLN-SFF21-2014-1106', '', 'Tablet  CHAIRSs Fiberglass - Black', '', '', '138', 'pc/s', '2150.00', '2014-01-15 00:00:00', '4.01E+11');
INSERT INTO `property` VALUES ('622', 'CLN-SFF21-2014-1107', '', 'Tablet  CHAIRSs Fiberglass - Black', '', '', '138', 'pc/s', '2150.00', '2014-01-15 00:00:00', '4.01E+11');
INSERT INTO `property` VALUES ('623', 'CLN-SFF21-2014-1108', '', 'Tablet  CHAIRSs Fiberglass - Black', '', '', '138', 'pc/s', '2150.00', '2014-01-15 00:00:00', '4.01E+11');
INSERT INTO `property` VALUES ('624', 'CLN-SFF21-2014-1109', '', 'Tablet  CHAIRSs Fiberglass - Black', '', '', '138', 'pc/s', '2150.00', '2014-01-15 00:00:00', '4.01E+11');
INSERT INTO `property` VALUES ('625', 'CLN-SFF21-2014-1110', '', 'Tablet  CHAIRSs Fiberglass - Black', '', '', '138', 'pc/s', '2150.00', '2014-01-15 00:00:00', '4.01E+11');
INSERT INTO `property` VALUES ('626', 'CLN-SFF21-2014-1111', '', 'Tablet  CHAIRSs Fiberglass - Black', '', '', '138', 'pc/s', '2150.00', '2014-01-15 00:00:00', '4.01E+11');
INSERT INTO `property` VALUES ('627', 'CLN-SFF21-2014-1112', '', 'Tablet  CHAIRSs Fiberglass - Black', '', '', '138', 'pc/s', '2150.00', '2014-01-15 00:00:00', '4.01E+11');
INSERT INTO `property` VALUES ('628', 'CLN-SFF21-2014-1113', '', 'Tablet  CHAIRSs Fiberglass - Black', '', '', '138', 'pc/s', '2150.00', '2014-01-15 00:00:00', '4.01E+11');
INSERT INTO `property` VALUES ('629', 'CLN-SFF21-2014-1114', '', 'Tablet  CHAIRSs Fiberglass - Black', '', '', '138', 'pc/s', '2150.00', '2014-01-15 00:00:00', '4.01E+11');
INSERT INTO `property` VALUES ('630', 'CLN-SFF21-2014-1115', '', 'Tablet  CHAIRSs Fiberglass - Black', '', '', '138', 'pc/s', '2150.00', '2014-01-15 00:00:00', '4.01E+11');
INSERT INTO `property` VALUES ('631', 'CLN-SFF21-2014-1116', '', 'Tablet  CHAIRSs Fiberglass - Black', '', '', '138', 'pc/s', '2150.00', '2014-01-15 00:00:00', '4.01E+11');
INSERT INTO `property` VALUES ('632', 'CLN-SFF21-2014-1117', '', 'Tablet  CHAIRSs Fiberglass - Black', '', '', '138', 'pc/s', '2150.00', '2014-01-15 00:00:00', '4.01E+11');
INSERT INTO `property` VALUES ('633', 'CLN-SFF21-2014-1118', '', 'Tablet  CHAIRSs Fiberglass - Black', '', '', '138', 'pc/s', '2150.00', '2014-01-15 00:00:00', '4.01E+11');
INSERT INTO `property` VALUES ('634', 'CLN-SFF21-2014-1119', '', 'Tablet  CHAIRSs Fiberglass - Black', '', '', '138', 'pc/s', '2150.00', '2014-01-15 00:00:00', '4.01E+11');
INSERT INTO `property` VALUES ('635', 'CLN-SFF21-2014-1120', '', 'Tablet  CHAIRSs Fiberglass - Black', '', '', '138', 'pc/s', '2150.00', '2014-01-15 00:00:00', '4.01E+11');
INSERT INTO `property` VALUES ('636', 'CLN-SFF21-2014-1121', '', 'Tablet  CHAIRSs Fiberglass - Black', '', '', '138', 'pc/s', '2150.00', '2014-01-15 00:00:00', '4.01E+11');
INSERT INTO `property` VALUES ('637', 'CLN-SFF21-2014-1122', '', 'Tablet  CHAIRSs Fiberglass - Black', '', '', '138', 'pc/s', '2150.00', '2014-01-15 00:00:00', '4.01E+11');
INSERT INTO `property` VALUES ('638', 'CLN-SFF21-2014-1123', '', 'Tablet  CHAIRSs Fiberglass - Black', '', '', '138', 'pc/s', '2150.00', '2014-01-15 00:00:00', '4.01E+11');
INSERT INTO `property` VALUES ('639', 'CLN-SFF21-2014-1124', '', 'Tablet  CHAIRSs Fiberglass - Black', '', '', '138', 'pc/s', '2150.00', '2014-01-15 00:00:00', '4.01E+11');
INSERT INTO `property` VALUES ('640', 'CLN-SFF21-2014-1125', '', 'Tablet  CHAIRSs Fiberglass - Black', '', '', '138', 'pc/s', '2150.00', '2014-01-15 00:00:00', '4.01E+11');
INSERT INTO `property` VALUES ('641', 'CLN-SFF21-2014-1126', '', 'Tablet  CHAIRSs Fiberglass - Black', '', '', '138', 'pc/s', '2150.00', '2014-01-15 00:00:00', '4.01E+11');
INSERT INTO `property` VALUES ('642', 'CLN-SFF21-2014-1127', '', 'Tablet  CHAIRSs Fiberglass - Black', '', '', '138', 'pc/s', '2150.00', '2014-01-15 00:00:00', '4.01E+11');
INSERT INTO `property` VALUES ('643', 'CLN-SFF21-2014-1128', '', 'Tablet  CHAIRSs Fiberglass - Black', '', '', '138', 'pc/s', '2150.00', '2014-01-15 00:00:00', '4.01E+11');
INSERT INTO `property` VALUES ('644', 'CLN-SFF21-2014-1129', '', 'Tablet  CHAIRSs Fiberglass - Black', '', '', '138', 'pc/s', '2150.00', '2014-01-15 00:00:00', '4.01E+11');
INSERT INTO `property` VALUES ('645', 'CLN-SFF21-2014-1130', '', 'Tablet  CHAIRSs Fiberglass - Black', '', '', '138', 'pc/s', '2150.00', '2014-01-15 00:00:00', '4.01E+11');
INSERT INTO `property` VALUES ('646', 'CLN-SFF21-2014-1131', '', 'Tablet  CHAIRSs Fiberglass - Black', '', '', '138', 'pc/s', '2150.00', '2014-01-15 00:00:00', '4.01E+11');
INSERT INTO `property` VALUES ('647', 'CLN-SFF21-2014-1132', '', 'Tablet  CHAIRSs Fiberglass - Black', '', '', '138', 'pc/s', '2150.00', '2014-01-15 00:00:00', '4.01E+11');
INSERT INTO `property` VALUES ('648', 'CLN-SFF21-2014-1133', '', 'Tablet  CHAIRSs Fiberglass - Black', '', '', '138', 'pc/s', '2150.00', '2014-01-15 00:00:00', '4.01E+11');
INSERT INTO `property` VALUES ('649', 'CLN-SFF21-2014-1134', '', 'Tablet  CHAIRSs Fiberglass - Black', '', '', '138', 'pc/s', '2150.00', '2014-01-15 00:00:00', '4.01E+11');
INSERT INTO `property` VALUES ('650', 'CLN-SFF21-2014-1135', '', 'Tablet  CHAIRSs Fiberglass - Black', '', '', '138', 'pc/s', '2150.00', '2014-01-15 00:00:00', '4.01E+11');
INSERT INTO `property` VALUES ('651', 'CLN-SFF21-2014-1136', '', 'Tablet  CHAIRSs Fiberglass - Black', '', '', '138', 'pc/s', '2150.00', '2014-01-15 00:00:00', '4.01E+11');
INSERT INTO `property` VALUES ('652', 'CLN-SFF21-2014-1137', '', 'Tablet  CHAIRSs Fiberglass - Black', '', '', '138', 'pc/s', '2150.00', '2014-01-15 00:00:00', '4.01E+11');
INSERT INTO `property` VALUES ('653', 'CLN-SFF21-2014-1138', '', 'Tablet  CHAIRSs Fiberglass - Black', '', '', '138', 'pc/s', '2150.00', '2014-01-15 00:00:00', '4.01E+11');
INSERT INTO `property` VALUES ('654', 'CLN-SFF21-2014-1139', '', 'Tablet  CHAIRSs Fiberglass - Black', '', '', '138', 'pc/s', '2150.00', '2014-01-15 00:00:00', '4.01E+11');
INSERT INTO `property` VALUES ('655', 'CLN-SFF21-2014-1140', '', 'Tablet  CHAIRSs Fiberglass - Black', '', '', '138', 'pc/s', '2150.00', '2014-01-15 00:00:00', '4.01E+11');
INSERT INTO `property` VALUES ('656', 'CLN-SFF21-2014-1141', '', 'Tablet  CHAIRSs Fiberglass - Black', '', '', '138', 'pc/s', '2150.00', '2014-01-15 00:00:00', '4.01E+11');
INSERT INTO `property` VALUES ('657', 'CLN-SFF21-2014-1142', '', 'Tablet  CHAIRSs Fiberglass - Black', '', '', '138', 'pc/s', '2150.00', '2014-01-15 00:00:00', '4.01E+11');
INSERT INTO `property` VALUES ('658', 'CLN-SFF21-2014-1143', '', 'Tablet  CHAIRSs Fiberglass - Black', '', '', '138', 'pc/s', '2150.00', '2014-01-15 00:00:00', '4.01E+11');
INSERT INTO `property` VALUES ('659', 'CLN-SFF21-2014-1144', '', 'Tablet  CHAIRSs Fiberglass - Black', '', '', '138', 'pc/s', '2150.00', '2014-01-15 00:00:00', '4.01E+11');
INSERT INTO `property` VALUES ('660', 'CLN-SFF21-2014-1145', '', 'Tablet  CHAIRSs Fiberglass - Black', '', '', '138', 'pc/s', '2150.00', '2014-01-15 00:00:00', '4.01E+11');
INSERT INTO `property` VALUES ('661', 'CLN-SFF21-2014-1146', '', 'Tablet  CHAIRSs Fiberglass - Black', '', '', '138', 'pc/s', '2150.00', '2014-01-15 00:00:00', '4.01E+11');
INSERT INTO `property` VALUES ('662', 'CLN-SFF21-2014-1147', '', 'Tablet  CHAIRSs Fiberglass - Black', '', '', '138', 'pc/s', '2150.00', '2014-01-15 00:00:00', '4.01E+11');
INSERT INTO `property` VALUES ('663', 'CLN-SFF21-2014-1148', '', 'Tablet  CHAIRSs Fiberglass - Black', '', '', '138', 'pc/s', '2150.00', '2014-01-15 00:00:00', '4.01E+11');
INSERT INTO `property` VALUES ('664', 'CLN-SFF21-2014-1149', '', 'Tablet  CHAIRSs Fiberglass - Black', '', '', '138', 'pc/s', '2150.00', '2014-01-15 00:00:00', '4.01E+11');
INSERT INTO `property` VALUES ('665', 'CLN-SFF21-2014-1150', '', 'Tablet  CHAIRSs Fiberglass - Black', '', '', '138', 'pc/s', '2150.00', '2014-01-15 00:00:00', '4.01E+11');
INSERT INTO `property` VALUES ('666', 'CLN-SFF21-2014-1151', '', 'Tablet  CHAIRSs Fiberglass - Black', '', '', '138', 'pc/s', '2150.00', '2014-01-15 00:00:00', '4.01E+11');
INSERT INTO `property` VALUES ('667', 'CLN-SFF21-2014-1152', '', 'Tablet  CHAIRSs Fiberglass - Black', '', '', '138', 'pc/s', '2150.00', '2014-01-15 00:00:00', '4.01E+11');
INSERT INTO `property` VALUES ('668', 'CLN-SFF21-2014-1153', '', 'Tablet  CHAIRSs Fiberglass - Black', '', '', '138', 'pc/s', '2150.00', '2014-01-15 00:00:00', '4.01E+11');
INSERT INTO `property` VALUES ('669', 'CLN-SFF21-2014-1154', '', 'Tablet  CHAIRSs Fiberglass - Black', '', '', '138', 'pc/s', '2150.00', '2014-01-15 00:00:00', '4.01E+11');
INSERT INTO `property` VALUES ('670', 'CLN-SFF21-2014-1155', '', 'Tablet  CHAIRSs Fiberglass - Black', '', '', '138', 'pc/s', '2150.00', '2014-01-15 00:00:00', '4.01E+11');
INSERT INTO `property` VALUES ('671', 'CLN-SFF21-2014-1156', '', 'Tablet  CHAIRSs Fiberglass - Black', '', '', '138', 'pc/s', '2150.00', '2014-01-15 00:00:00', '4.01E+11');
INSERT INTO `property` VALUES ('672', 'CLN-SFF21-2014-1157', '', 'Tablet  CHAIRSs Fiberglass - Black', '', '', '138', 'pc/s', '2150.00', '2014-01-15 00:00:00', '4.01E+11');
INSERT INTO `property` VALUES ('673', 'CLN-SFF21-2014-1158', '', 'Tablet  CHAIRSs Fiberglass - Black', '', '', '138', 'pc/s', '2150.00', '2014-01-15 00:00:00', '4.01E+11');
INSERT INTO `property` VALUES ('674', 'CLN-SFF11B-2014-017', '', 'Teacher\'s TABLES - left side with CPU Cabinet', '', '', '139', 'pc/s', '7950.00', '2013-12-03 00:00:00', '4.01E+11');
INSERT INTO `property` VALUES ('675', 'CLN-SFF75A-2014-032', '', 'Whiteboard wall type 4 x 8', '', '', '165', 'pc/s', '2600.00', '2013-12-13 00:00:00', '4.01E+11');
INSERT INTO `property` VALUES ('676', 'CLN-SFF75A-2014-140', '', 'Whiteboard wall type 4 x 4', '', '', '165', 'pc/s', '1900.00', '2013-12-13 00:00:00', '4.01E+11');
INSERT INTO `property` VALUES ('677', 'CLN-SFF75A-2014-141', '', 'Whiteboard wall type 4 x 4', '', '', '165', 'pc/s', '1900.00', '2013-12-13 00:00:00', '4.01E+11');
INSERT INTO `property` VALUES ('678', '008-OSE74-2016-013', '', 'Fire Extinguisher  Drychemical 10lbs', '', '', '88', 'pc/s', '1950.00', '2016-06-06 00:00:00', '4.01E+12');
INSERT INTO `property` VALUES ('679', '008-OSE74-011', '', 'Fire Extinguisher  Drychemical 10lbs', '', '', '88', 'pc/s', '0.00', '0000-00-00 00:00:00', '');
INSERT INTO `property` VALUES ('680', '008-CE42-2010-015', '', 'PS/2 Keyboard A4TECH', 'A4TECH', '', '2', '', '0.00', '0000-00-00 00:00:00', '');
INSERT INTO `property` VALUES ('681', '008-CE41-2015-006', '', 'PS/2 MOUSE A4TECH', 'A4TECH', '', '9', 'pc/s', '0.00', '0000-00-00 00:00:00', '');
INSERT INTO `property` VALUES ('682', 'CLN-SFF75B-2014-004', '', 'Mobile Whieboard 4 x 8', '', '', '165', 'pc/s', '6300.00', '2013-12-13 00:00:00', '4.01E+11');
INSERT INTO `property` VALUES ('683', ' ', ' ', '\"Schedule Holder 5.55\"\" x 8.5\"\" Acrylic 3mm\"', 'N/A', 'N/A', '165', 'pc/s', '200.00', '2016-01-14 00:00:00', '4.01E+12');
INSERT INTO `property` VALUES ('684', ' ', ' ', '\"Announcement Holder 8.5\"\"x11\"\" Acrylic 3mm\"', 'N/A', 'N/A', '165', 'pc/s', '400.00', '2016-01-14 00:00:00', '4.01E+12');
INSERT INTO `property` VALUES ('685', 'CLNOSE14-2014-039', '8.28E+12', 'FCU - Ceiling Cassette (3.0TR)Gree Model#FP-180XD/B-T', 'GREE', 'FP-180D/B-T', '110', 'pc/s', '566.40', '2013-11-28 00:00:00', '4.01E+12');
INSERT INTO `property` VALUES ('686', '008-OSE74-037', '', 'Fire Extinguisher  Drychemical 10lbs', '', '', '88', 'pc/s', '0.00', '0000-00-00 00:00:00', '');
INSERT INTO `property` VALUES ('687', 'CLN-SFF23-2014-010', '', 'Monobloc CHAIRS - Coft Jasmine Yellow', '', '', '138', 'pc/s', '550.00', '2013-09-06 00:00:00', '4.01E+12');
INSERT INTO `property` VALUES ('688', 'CLN-SFF21-2014-1249', '', 'Tablet  CHAIRSs Fiberglass - Black', '', '', '138', 'pc/s', '2150.00', '2014-01-15 00:00:00', '4.01E+11');
INSERT INTO `property` VALUES ('689', 'CLN-SFF21-2014-1250', '', 'Tablet  CHAIRSs Fiberglass - Black', '', '', '138', 'pc/s', '2150.00', '2014-01-15 00:00:00', '4.01E+11');
INSERT INTO `property` VALUES ('690', 'CLN-SFF21-2014-1251', '', 'Tablet  CHAIRSs Fiberglass - Black', '', '', '138', 'pc/s', '2150.00', '2014-01-15 00:00:00', '4.01E+11');
INSERT INTO `property` VALUES ('691', 'CLN-SFF21-2014-1252', '', 'Tablet  CHAIRSs Fiberglass - Black', '', '', '138', 'pc/s', '2150.00', '2014-01-15 00:00:00', '4.01E+11');
INSERT INTO `property` VALUES ('692', 'CLN-SFF21-2014-1253', '', 'Tablet  CHAIRSs Fiberglass - Black', '', '', '138', 'pc/s', '2150.00', '2014-01-15 00:00:00', '4.01E+11');
INSERT INTO `property` VALUES ('693', 'CLN-SFF21-2014-1254', '', 'Tablet  CHAIRSs Fiberglass - Black', '', '', '138', 'pc/s', '2150.00', '2014-01-15 00:00:00', '4.01E+11');
INSERT INTO `property` VALUES ('694', 'CLN-SFF21-2014-1255', '', 'Tablet  CHAIRSs Fiberglass - Black', '', '', '138', 'pc/s', '2150.00', '2014-01-15 00:00:00', '4.01E+11');
INSERT INTO `property` VALUES ('695', 'CLN-SFF21-2014-1256', '', 'Tablet  CHAIRSs Fiberglass - Black', '', '', '138', 'pc/s', '2150.00', '2014-01-15 00:00:00', '4.01E+11');
INSERT INTO `property` VALUES ('696', 'CLN-SFF21-2014-1257', '', 'Tablet  CHAIRSs Fiberglass - Black', '', '', '138', 'pc/s', '2150.00', '2014-01-15 00:00:00', '4.01E+11');
INSERT INTO `property` VALUES ('697', 'CLN-SFF21-2014-1258', '', 'Tablet  CHAIRSs Fiberglass - Black', '', '', '138', 'pc/s', '2150.00', '2014-01-15 00:00:00', '4.01E+11');
INSERT INTO `property` VALUES ('698', 'CLN-SFF21-2014-1259', '', 'Tablet  CHAIRSs Fiberglass - Black', '', '', '138', 'pc/s', '2150.00', '2014-01-15 00:00:00', '4.01E+11');
INSERT INTO `property` VALUES ('699', 'CLN-SFF21-2014-1260', '', 'Tablet  CHAIRSs Fiberglass - Black', '', '', '138', 'pc/s', '2150.00', '2014-01-15 00:00:00', '4.01E+11');
INSERT INTO `property` VALUES ('700', 'CLN-SFF21-2014-1261', '', 'Tablet  CHAIRSs Fiberglass - Black', '', '', '138', 'pc/s', '2150.00', '2014-01-15 00:00:00', '4.01E+11');
INSERT INTO `property` VALUES ('701', 'CLN-SFF21-2014-1262', '', 'Tablet  CHAIRSs Fiberglass - Black', '', '', '138', 'pc/s', '2150.00', '2014-01-15 00:00:00', '4.01E+11');
INSERT INTO `property` VALUES ('702', 'CLN-SFF21-2014-1263', '', 'Tablet  CHAIRSs Fiberglass - Black', '', '', '138', 'pc/s', '2150.00', '2014-01-15 00:00:00', '4.01E+11');
INSERT INTO `property` VALUES ('703', 'CLN-SFF21-2014-1264', '', 'Tablet  CHAIRSs Fiberglass - Black', '', '', '138', 'pc/s', '2150.00', '2014-01-15 00:00:00', '4.01E+11');
INSERT INTO `property` VALUES ('704', 'CLN-SFF21-2014-1265', '', 'Tablet  CHAIRSs Fiberglass - Black', '', '', '138', 'pc/s', '2150.00', '2014-01-15 00:00:00', '4.01E+11');
INSERT INTO `property` VALUES ('705', 'CLN-SFF21-2014-1266', '', 'Tablet  CHAIRSs Fiberglass - Black', '', '', '138', 'pc/s', '2150.00', '2014-01-15 00:00:00', '4.01E+11');
INSERT INTO `property` VALUES ('706', 'CLN-SFF21-2014-1267', '', 'Tablet  CHAIRSs Fiberglass - Black', '', '', '138', 'pc/s', '2150.00', '2014-01-15 00:00:00', '4.01E+11');
INSERT INTO `property` VALUES ('707', 'CLN-SFF21-2014-1268', '', 'Tablet  CHAIRSs Fiberglass - Black', '', '', '138', 'pc/s', '2150.00', '2014-01-15 00:00:00', '4.01E+11');
INSERT INTO `property` VALUES ('708', 'CLN-SFF21-2014-1269', '', 'Tablet  CHAIRSs Fiberglass - Black', '', '', '138', 'pc/s', '2150.00', '2014-01-15 00:00:00', '4.01E+11');
INSERT INTO `property` VALUES ('709', 'CLN-SFF21-2014-1270', '', 'Tablet  CHAIRSs Fiberglass - Black', '', '', '138', 'pc/s', '2150.00', '2014-01-15 00:00:00', '4.01E+11');
INSERT INTO `property` VALUES ('710', 'CLN-SFF21-2014-1271', '', 'Tablet  CHAIRSs Fiberglass - Black', '', '', '138', 'pc/s', '2150.00', '2014-01-15 00:00:00', '4.01E+11');
INSERT INTO `property` VALUES ('711', 'CLN-SFF21-2014-1272', '', 'Tablet  CHAIRSs Fiberglass - Black', '', '', '138', 'pc/s', '2150.00', '2014-01-15 00:00:00', '4.01E+11');
INSERT INTO `property` VALUES ('712', 'CLN-SFF21-2014-1273', '', 'Tablet  CHAIRSs Fiberglass - Black', '', '', '138', 'pc/s', '2150.00', '2014-01-15 00:00:00', '4.01E+11');
INSERT INTO `property` VALUES ('713', 'CLN-SFF21-2014-1274', '', 'Tablet  CHAIRSs Fiberglass - Black', '', '', '138', 'pc/s', '2150.00', '2014-01-15 00:00:00', '4.01E+11');
INSERT INTO `property` VALUES ('714', 'CLN-SFF21-2014-1275', '', 'Tablet  CHAIRSs Fiberglass - Black', '', '', '138', 'pc/s', '2150.00', '2014-01-15 00:00:00', '4.01E+11');
INSERT INTO `property` VALUES ('715', 'CLN-SFF21-2014-1276', '', 'Tablet  CHAIRSs Fiberglass - Black', '', '', '138', 'pc/s', '2150.00', '2014-01-15 00:00:00', '4.01E+11');
INSERT INTO `property` VALUES ('716', 'CLN-SFF21-2014-1277', '', 'Tablet  CHAIRSs Fiberglass - Black', '', '', '138', 'pc/s', '2150.00', '2014-01-15 00:00:00', '4.01E+11');
INSERT INTO `property` VALUES ('717', 'CLN-SFF21-2014-1278', '', 'Tablet  CHAIRSs Fiberglass - Black', '', '', '138', 'pc/s', '2150.00', '2014-01-15 00:00:00', '4.01E+11');
INSERT INTO `property` VALUES ('718', 'CLN-SFF21-2014-1279', '', 'Tablet  CHAIRSs Fiberglass - Black', '', '', '138', 'pc/s', '2150.00', '2014-01-15 00:00:00', '4.01E+11');
INSERT INTO `property` VALUES ('719', 'CLN-SFF21-2014-1280', '', 'Tablet  CHAIRSs Fiberglass - Black', '', '', '138', 'pc/s', '2150.00', '2014-01-15 00:00:00', '4.01E+11');
INSERT INTO `property` VALUES ('720', 'CLN-SFF11A-2014-014', '', 'Teacher\'s TABLES - Right side with CPU Cabinet', '', '', '139', 'pc/s', '7950.00', '2013-12-03 00:00:00', '4.01E+11');
INSERT INTO `property` VALUES ('721', 'CLN-SFF11A-2014-021', '', 'Teacher\'s TABLES - Right side with CPU Cabinet', '', '', '139', 'pc/s', '7950.00', '2013-12-03 00:00:00', '4.01E+11');
INSERT INTO `property` VALUES ('722', 'CLN-SFF75A-2014-034', '', 'Whiteboard wall type 4 x 8', '', '', '165', 'pc/s', '2600.00', '2013-12-13 00:00:00', '4.01E+11');
INSERT INTO `property` VALUES ('723', 'CLN-SFF75A-2014-144', '', 'Whiteboard wall type 4 x 4', '', '', '165', 'pc/s', '1900.00', '2013-12-13 00:00:00', '4.01E+11');
INSERT INTO `property` VALUES ('724', 'CLN-SFF75A-2014-145', '', 'Whiteboard wall type 4 x 4', '', '', '165', 'pc/s', '1900.00', '2013-12-13 00:00:00', '4.01E+11');
INSERT INTO `property` VALUES ('725', '', '20573207-01684', '\r\nFCU - Ceiling Casette MCK025AW -KXBE', '\r\nGREE', 'MCK025AW-KXBE', '110', 'pc/s', '0.00', '2015-03-06 00:00:00', '1');
INSERT INTO `property` VALUES ('726', '008-OSE74-002', '', 'Fire Extinguisher  Drychemical 10lbs', '', '', '88', 'pc/s', '0.00', '0000-00-00 00:00:00', '');
INSERT INTO `property` VALUES ('727', '008-OSE75-2015-009', '55S51DDMB-151H4096-00137R', '\"LED TV 55\"\" QUBE (Smart TV - Android) Model: 55QTV\"', '', '', '87', 'pc/s', '26000.00', '2015-06-03 00:00:00', '4.01E+12');
INSERT INTO `property` VALUES ('728', '008-SFF23-2015-001', '', 'Monobloc CHAIRS - Coft Jasmine Yellow', '', '', '138', 'pc/s', '585.00', '2015-06-22 00:00:00', '4.01E+12');
INSERT INTO `property` VALUES ('729', 'CLN-SFF11A-2015-001', '', 'Teacher\'s TABLES - Right side with CPU Cabinet', '', '', '139', 'pc/s', '4100.00', '2015-05-20 00:00:00', '4.01E+12');
INSERT INTO `property` VALUES ('730', ' ', ' ', 'Whiteboard wall type 4 x 8', '', '', '165', 'pc/s', '105000.00', '2015-05-20 00:00:00', '4.01E+12');
INSERT INTO `property` VALUES ('731', '', '20573201-01700', 'FCU - Ceiling Casette MCK025AW -KXBE', 'GREE', 'MCK025AW-KXBE', '110', 'pc/s', '0.00', '2015-03-06 00:00:00', '1');
INSERT INTO `property` VALUES ('732', '008-OSE74-025', '', 'Fire Extinguisher  Drychemical 10lbs', '', '', '88', 'pc/s', '0.00', '0000-00-00 00:00:00', '');
INSERT INTO `property` VALUES ('733', '008-OSE75-2015-008', '55S51DCN-14AH4114-001816', '\"LED TV 55\"\" QUBE (Smart TV - Android) Model: 55QTV\"', '', '', '87', 'pc/s', '26000.00', '2015-06-03 00:00:00', '4.01E+12');
INSERT INTO `property` VALUES ('734', '008-SFF23-2015-002', '', 'Monobloc CHAIRS - Coft Jasmine Yellow', '', '', '138', 'pc/s', '585.00', '2015-06-22 00:00:00', '4.01E+12');
INSERT INTO `property` VALUES ('735', 'CLN-SFF11A-2015-002', '', 'Teacher\'s TABLES - Right side with CPU Cabinet', '', '', '139', 'pc/s', '4100.00', '2015-05-20 00:00:00', '4.01E+12');
INSERT INTO `property` VALUES ('736', 'CLN-SFF75A-2014-150', '', 'Whiteboard wall type 4 x 4', '', '', '165', 'pc/s', '1900.00', '2013-12-13 00:00:00', '4.01E+11');
INSERT INTO `property` VALUES ('737', 'CLN-SFF75A-2014-151', '', 'Whiteboard wall type 4 x 4', '', '', '165', 'pc/s', '1900.00', '2013-12-13 00:00:00', '4.01E+11');
INSERT INTO `property` VALUES ('738', ' ', ' ', 'Whiteboard wall type 4 x 8', '', '', '165', 'pc/s', '0.00', '0000-00-00 00:00:00', '4.01E+12');
INSERT INTO `property` VALUES ('739', '', '20573201-01700', 'FCU - Ceiling Casette MCK025AW -KXBE', 'GREE', 'MCK025AW-KXBE', '110', 'pc/s', '2015.00', '2014-11-18 00:00:00', '1');
INSERT INTO `property` VALUES ('740', '008-OSE74-025', '', 'Fire Extinguisher  Drychemical 10lbs', '', '', '88', 'pc/s', '0.00', '0000-00-00 00:00:00', '');
INSERT INTO `property` VALUES ('741', '008-OSE75-2015-011', '55S51DDMB-151H4096-00139L', '\"LED TV 55\"\" QUBE (Smart TV - Android) Model: 55QTV\"', '', '', '87', 'pc/s', '26000.00', '2015-06-03 00:00:00', '4.01E+12');
INSERT INTO `property` VALUES ('742', '008-SFF23-2015-002', '', 'Monobloc CHAIRS - Coft Jasmine Yellow', '', '', '138', 'pc/s', '585.00', '2015-06-22 00:00:00', '4.01E+12');
INSERT INTO `property` VALUES ('743', 'CLN-SFF11A-2015-002', '', 'Teacher\'s TABLES - Right side with CPU Cabinet', '', '', '139', 'pc/s', '4100.00', '2015-05-20 00:00:00', '4.01E+12');
INSERT INTO `property` VALUES ('745', 'CLN-SFF75A-2014-151', '', 'Whiteboard wall type 4 x 4', '', '', '165', 'pc/s', '1900.00', '2013-12-13 00:00:00', '4.01E+11');
INSERT INTO `property` VALUES ('746', '', '8.28E+12', 'FCU - Ceiling Cassette (2.5tr)Gree Model#FP-160XD/', 'GREE', 'FP-160XD/B-T', '110', 'pc/s', '2014.00', '2014-11-18 00:00:00', '1');
INSERT INTO `property` VALUES ('747', '008-OSE74-2014-024', '', 'Fire Extinguisher  Drychemical 10lbs', '', '', '88', 'pc/s', '2500.00', '2014-01-14 00:00:00', '4.01E+12');
INSERT INTO `property` VALUES ('748', '008-OSE75-2015-010', '55S51DDMB-14CH4306-000092', '\"LED TV 55\"\" QUBE (Smart TV - Android) Model: 55QTV\"', '', '', '87', 'pc/s', '26000.00', '2015-06-03 00:00:00', '4.01E+12');
INSERT INTO `property` VALUES ('749', '008-SFF23-2015-004', '', 'Monobloc CHAIRS - Coft Jasmine Yellow', '', '', '138', 'pc/s', '585.00', '2015-06-22 00:00:00', '4010000002116');
INSERT INTO `property` VALUES ('750', 'CLN-SFF11B-2015-002', '', 'Teacher\'s TABLES - left side with CPU Cabinet', '', '', '139', 'pc/s', '4100.00', '2015-05-20 00:00:00', '4.01E+12');
INSERT INTO `property` VALUES ('751', ' ', ' ', 'Whiteboard wall type 4 x 8', '', '', '165', 'pc/s', '0.00', '0000-00-00 00:00:00', '4.01E+12');
INSERT INTO `property` VALUES ('752', '', '8.28E+11', 'FCU - Ceiling Cassette (2.5tr)Gree Model#FP-160XD/', 'GREE', 'FP-160XD/B-T', '110', 'pc/s', '2014.00', '2014-11-18 00:00:00', '1');
INSERT INTO `property` VALUES ('753', '008-OSE74-043', '', 'Fire Extinguisher  Drychemical 10lbs', '', '', '88', 'pc/s', '0.00', '0000-00-00 00:00:00', '');
INSERT INTO `property` VALUES ('754', '008-OSE75-2015-004', '55S51DCN-14AH4114-001799', '\"LED TV 55\"\" QUBE (Smart TV - Android) Model: 55QTV\"', '', '', '87', 'pc/s', '26000.00', '2015-06-03 00:00:00', '4.01E+12');
INSERT INTO `property` VALUES ('755', '008-SFF23-2015-005', '', 'Monobloc CHAIRS - Coft Jasmine Yellow', '', '', '138', 'pc/s', '585.00', '2015-06-22 00:00:00', '4.01E+12');
INSERT INTO `property` VALUES ('756', 'CLN-SFF11A-2015-003', '', 'Teacher\'s TABLES - Right side with CPU Cabinet', '', '', '139', 'pc/s', '4100.00', '2015-05-20 00:00:00', '4.01E+12');
INSERT INTO `property` VALUES ('757', ' ', ' ', 'Whiteboard wall type 4 x 8', '', '', '165', 'pc/s', '0.00', '2015-05-20 00:00:00', '4.01E+12');
INSERT INTO `property` VALUES ('758', '8.28E+11', 'FCU - Ceiling Cassette (2.5TR)Gree Model#FP-160XD/', 'GREE', 'FP-160XD/B-T', 'pc/s', '110', '', '2014.00', '2014-11-18 00:00:00', '1');
INSERT INTO `property` VALUES ('759', '008-OSE74-2014-008', '', 'Fire Extinguisher  Drychemical 10lbs', '', '', '88', 'pc/s', '2500.00', '2014-01-14 00:00:00', '4.01E+12');
INSERT INTO `property` VALUES ('760', '008-OSE75-2015-007', '55S51DCN-14AH4114-002499', '\"LED TV 55\"\" QUBE (Smart TV - Android) Model: 55QTV\"', '', '', '87', 'pc/s', '26000.00', '2015-06-03 00:00:00', '4.01E+12');
INSERT INTO `property` VALUES ('761', '008-SFF23-2015-006', '', 'Monobloc CHAIRS - Coft Jasmine Yellow', '', '', '138', 'pc/s', '585.00', '2015-06-22 00:00:00', '4.01E+12');
INSERT INTO `property` VALUES ('762', 'CLN-SFF11A-2015-004', '', 'Teacher\'s TABLES - Right side with CPU Cabinet', '', '', '139', 'pc/s', '4100.00', '2015-05-20 00:00:00', '4.01E+12');
INSERT INTO `property` VALUES ('763', ' ', ' ', 'Whiteboard wall type 4 x 8', '', '', '165', 'pc/s', '0.00', '2015-05-20 00:00:00', '4.01E+12');
INSERT INTO `property` VALUES ('764', '', '8.28E+12', 'FCU - Ceiling Cassette (3.0tr)Gree Model#FP-180XD/', 'GREE', 'FP-180D/B-T', '110', 'pc/s', '2014.00', '2014-11-18 00:00:00', '1');
INSERT INTO `property` VALUES ('765', '008-OSE74-2014-012', '', 'Fire Extinguisher  Drychemical 10lbs', '', '', '88', 'pc/s', '2500.00', '2014-01-14 00:00:00', '4.01E+12');
INSERT INTO `property` VALUES ('766', '008-OSE75-2015-012', '55S51DDMB-151H4096-001340', '\"LED TV 55\"\" QUBE (Smart TV - Android) Model: 55QTV\"', '', '', '87', 'pc/s', '26000.00', '2015-06-03 00:00:00', '4.01E+12');
INSERT INTO `property` VALUES ('767', '008-SFF23-2015-007', '', 'Monobloc CHAIRS - Coft Jasmine Yellow', '', '', '138', 'pc/s', '585.00', '2015-06-22 00:00:00', '4.01E+12');
INSERT INTO `property` VALUES ('768', 'CLN-SFF11B-2015-003', '', 'Teacher\'s TABLES - left side with CPU Cabinet', '', '', '139', 'pc/s', '4100.00', '2015-05-20 00:00:00', '4.01E+12');
INSERT INTO `property` VALUES ('769', ' ', ' ', 'Whiteboard wall type 4 x 8', '', '', '165', 'pc/s', '0.00', '2015-05-20 00:00:00', '4.01E+12');
INSERT INTO `property` VALUES ('770', ' ', '8.28E+12', 'FCU - Ceiling Cassette (3.0tr)Gree Model#FP-180XD/B-T', 'GREE', 'FP-180D/B-T', '110', 'pc/s', '0.00', '2014-11-18 00:00:00', 'FROM STI CALAMBA');
INSERT INTO `property` VALUES ('771', '008-OSE74-2014-026', '', 'Fire Extinguisher  Drychemical 10lbs', '', '', '88', 'pc/s', '2500.00', '2014-01-14 00:00:00', '4.01E+12');
INSERT INTO `property` VALUES ('772', '008-OSE75-2015-001', '55S51DDMB-151H4096-00140R', '\"LED TV 55\"\" QUBE (Smart TV - Android) Model: 55QTV\"', '', '', '87', 'pc/s', '26000.00', '2015-06-03 00:00:00', '4.01E+12');
INSERT INTO `property` VALUES ('773', '008-SFF23-2015-008', '', 'Monobloc CHAIRS - Coft Jasmine Yellow', '', '', '138', 'pc/s', '585.00', '2015-06-22 00:00:00', '4.01E+12');
INSERT INTO `property` VALUES ('774', 'CLN-SFF11B-2015-004', '', 'Teacher\'s TABLES - left side with CPU Cabinet', '', '', '139', 'pc/s', '4100.00', '2015-05-20 00:00:00', '4.01E+12');
INSERT INTO `property` VALUES ('775', ' ', 'Whiteboard wall type 4 x 8', '', '', 'pc/s', '165', '', '2015.00', '2015-05-20 00:00:00', '1');
INSERT INTO `property` VALUES ('776', '', '8.28E+12', 'FCU - Ceiling Cassette (3.0tr)Gree Model#FP-180XD/', 'GREE', 'FP-180D/B-T', '110', 'pc/s', '2014.00', '2014-11-18 00:00:00', '1');
INSERT INTO `property` VALUES ('777', '008-OSE74-042', '', 'Fire Extinguisher  Drychemical 10lbs', '', '', '88', 'pc/s', '0.00', '0000-00-00 00:00:00', '');
INSERT INTO `property` VALUES ('778', '008-OSE75-2015-006', '55S51DCN-14AH4114-00195B', '\"LED TV 55\"\" QUBE (Smart TV - Android) Model: 55QTV\"', '', '', '87', 'pc/s', '26000.00', '2015-06-03 00:00:00', '4.01E+12');
INSERT INTO `property` VALUES ('779', '008-SFF23-2015-009', '', 'Monobloc CHAIRS - Coft Jasmine Yellow', '', '', '138', 'pc/s', '585.00', '2015-06-22 00:00:00', '4.01E+12');
INSERT INTO `property` VALUES ('780', 'CLN-SFF11B-2015-005', '', 'Teacher\'s TABLES - left side with CPU Cabinet', '', '', '139', 'pc/s', '4100.00', '2015-05-20 00:00:00', '4.01E+12');
INSERT INTO `property` VALUES ('781', ' ', 'Whiteboard wall type 4 x 8', '', '', 'pc/s', '165', '', '5.00', '2015-05-20 00:00:00', '1');
INSERT INTO `property` VALUES ('782', ' ', '8.28E+12', 'FCU - Ceiling Cassette (3.0tr)Gree Model#FP-180XD/B-T', 'GREE', 'FP-180D/B-T', '110', 'pc/s', '0.00', '2014-11-18 00:00:00', '1');
INSERT INTO `property` VALUES ('783', '008-OSE74-2014-016', '', 'Fire Extinguisher  Drychemical 10lbs', '', '', '88', 'pc/s', '2500.00', '2014-01-14 00:00:00', '4.01E+12');
INSERT INTO `property` VALUES ('784', '008-OSE75-2015-005', '55S51DCN-14AH4114-000789', '\"LED TV 55\"\" QUBE (Smart TV - Android) Model: 55QTV\"', '', '', '87', 'pc/s', '26000.00', '2015-06-03 00:00:00', '4.01E+12');
INSERT INTO `property` VALUES ('785', '008-SFF23-2015-010', '', 'Monobloc CHAIRS - Coft Jasmine Yellow', '', '', '138', 'pc/s', '585.00', '2015-06-22 00:00:00', '4.01E+12');
INSERT INTO `property` VALUES ('786', 'CLN-SFF11A-2015-005', '', 'Teacher\'s TABLES - Right side with CPU Cabinet', '', '', '139', 'pc/s', '4100.00', '2015-05-20 00:00:00', '4.01E+12');
INSERT INTO `property` VALUES ('787', ' ', 'Whiteboard wall type 4 x 8', '', '', 'pc/s', '165', '', '2015.00', '2015-05-20 00:00:00', '1');
INSERT INTO `property` VALUES ('788', '008-CE41-2017-001', '', 'USB Mouse A4tech OP-720D', 'A4TECH', 'OP720D', '9', 'pc/s', '0.00', '2017-01-24 00:00:00', 'CLN-1617-137D');
INSERT INTO `property` VALUES ('789', '008-CE41-2017-002', '', 'USB Mouse A4tech OP-720D', 'A4TECH', 'OP720D', '9', 'pc/s', '0.00', '2017-01-24 00:00:00', 'CLN-1617-137D');
INSERT INTO `property` VALUES ('790', '008-CE41-2017-003', '', 'USB Mouse A4tech OP-720D', 'A4TECH', 'OP720D', '9', 'pc/s', '0.00', '2017-01-24 00:00:00', 'CLN-1617-137D');
INSERT INTO `property` VALUES ('791', '008-CE41-2017-004', '', 'USB Mouse A4tech OP-720D', 'A4TECH', 'OP720D', '9', 'pc/s', '0.00', '2017-01-24 00:00:00', 'CLN-1617-137D');
INSERT INTO `property` VALUES ('792', '008-CE41-2017-005', '', 'USB Mouse A4tech OP-720D', 'A4TECH', 'OP720D', '9', 'pc/s', '0.00', '2017-01-24 00:00:00', 'CLN-1617-137D');
INSERT INTO `property` VALUES ('793', '008-CE41-2017-006', '', 'USB Mouse A4tech OP-720D', 'A4TECH', 'OP720D', '9', 'pc/s', '0.00', '2017-01-24 00:00:00', 'CLN-1617-137D');
INSERT INTO `property` VALUES ('794', '008-CE41-2017-007', '', 'USB Mouse A4tech OP-720D', 'A4TECH', 'OP720D', '9', 'pc/s', '0.00', '2017-01-24 00:00:00', 'CLN-1617-137D');
INSERT INTO `property` VALUES ('795', '008-CE41-2017-008', '', 'USB Mouse A4tech OP-720D', 'A4TECH', 'OP720D', '9', 'pc/s', '0.00', '2017-01-24 00:00:00', 'CLN-1617-137D');
INSERT INTO `property` VALUES ('796', '008-CE41-2017-009', '', 'USB Mouse A4tech OP-720D', 'A4TECH', 'OP720D', '9', 'pc/s', '0.00', '2017-01-24 00:00:00', 'CLN-1617-137D');
INSERT INTO `property` VALUES ('797', '008-CE41-2017-010', '', 'USB Mouse A4tech OP-720D', 'A4TECH', 'OP720D', '9', 'pc/s', '0.00', '2017-01-24 00:00:00', 'CLN-1617-137D');
INSERT INTO `property` VALUES ('798', '008-CE41-2017-011', '', 'USB Mouse A4tech OP-720D', 'A4TECH', 'OP720D', '9', 'pc/s', '0.00', '2017-01-24 00:00:00', 'CLN-1617-137D');
INSERT INTO `property` VALUES ('799', '008-CE41-2017-012', '', 'USB Mouse A4tech OP-720D', 'A4TECH', 'OP720D', '9', 'pc/s', '0.00', '2017-01-24 00:00:00', 'CLN-1617-137D');
INSERT INTO `property` VALUES ('800', '008-CE41-2017-013', '', 'USB Mouse A4tech OP-720D', 'A4TECH', 'OP720D', '9', 'pc/s', '0.00', '2017-01-24 00:00:00', 'CLN-1617-137D');
INSERT INTO `property` VALUES ('801', '008-CE41-2017-014', '', 'USB Mouse A4tech OP-720D', 'A4TECH', 'OP720D', '9', 'pc/s', '0.00', '2017-01-24 00:00:00', 'CLN-1617-137D');
INSERT INTO `property` VALUES ('802', '008-CE41-2017-015', '', 'USB Mouse A4tech OP-720D', 'A4TECH', 'OP720D', '9', 'pc/s', '0.00', '2017-01-24 00:00:00', 'CLN-1617-137D');
INSERT INTO `property` VALUES ('803', '008-CE41-2017-016', '', 'USB Mouse A4tech OP-720D', 'A4TECH', 'OP720D', '9', 'pc/s', '0.00', '2017-01-24 00:00:00', 'CLN-1617-137D');
INSERT INTO `property` VALUES ('804', '008-CE41-2017-017', '', 'USB Mouse A4tech OP-720D', 'A4TECH', 'OP720D', '9', 'pc/s', '0.00', '2017-01-24 00:00:00', 'CLN-1617-137D');
INSERT INTO `property` VALUES ('805', '008-CE41-2017-018', '', 'USB Mouse A4tech OP-720D', 'A4TECH', 'OP720D', '9', 'pc/s', '0.00', '2017-01-24 00:00:00', 'CLN-1617-137D');
INSERT INTO `property` VALUES ('806', '008-CE41-2017-019', '', 'USB Mouse A4tech OP-720D', 'A4TECH', 'OP720D', '9', 'pc/s', '0.00', '2017-01-24 00:00:00', 'CLN-1617-137D');
INSERT INTO `property` VALUES ('807', '008-CE41-2017-020', '', 'USB Mouse A4tech OP-720D', 'A4TECH', 'OP720D', '9', 'pc/s', '0.00', '2017-01-24 00:00:00', 'CLN-1617-137D');
INSERT INTO `property` VALUES ('808', '008-CE41-2017-021', '', 'USB Mouse A4tech OP-720D', 'A4TECH', 'OP720D', '9', 'pc/s', '0.00', '2017-01-24 00:00:00', 'CLN-1617-137D');
INSERT INTO `property` VALUES ('809', '008-CE41-2017-022', '', 'USB Mouse A4tech OP-720D', 'A4TECH', 'OP720D', '9', 'pc/s', '0.00', '2017-01-24 00:00:00', 'CLN-1617-137D');
INSERT INTO `property` VALUES ('810', '008-CE41-2017-023', '', 'USB Mouse A4tech OP-720D', 'A4TECH', 'OP720D', '9', 'pc/s', '0.00', '2017-01-24 00:00:00', 'CLN-1617-137D');
INSERT INTO `property` VALUES ('811', '008-CE41-2017-024', '', 'USB Mouse A4tech OP-720D', 'A4TECH', 'OP720D', '9', 'pc/s', '0.00', '2017-01-24 00:00:00', 'CLN-1617-137D');
INSERT INTO `property` VALUES ('812', '008-CE41-2017-025', '', 'USB Mouse A4tech OP-720D', 'A4TECH', 'OP720D', '9', 'pc/s', '0.00', '2017-01-24 00:00:00', 'CLN-1617-137D');
INSERT INTO `property` VALUES ('813', '008-CE41-2017-026', '', 'USB Mouse A4tech OP-720D', 'A4TECH', 'OP720D', '9', 'pc/s', '0.00', '2017-01-24 00:00:00', 'CLN-1617-137D');
INSERT INTO `property` VALUES ('814', '008-CE41-2017-027', '', 'USB Mouse A4tech OP-720D', 'A4TECH', 'OP720D', '9', 'pc/s', '0.00', '2017-01-24 00:00:00', 'CLN-1617-137D');
INSERT INTO `property` VALUES ('815', '008-CE41-2017-028', '', 'USB Mouse A4tech OP-720D', 'A4TECH', 'OP720D', '9', 'pc/s', '0.00', '2017-01-24 00:00:00', 'CLN-1617-137D');
INSERT INTO `property` VALUES ('816', '008-CE41-2017-029', '', 'USB Mouse A4tech OP-720D', 'A4TECH', 'OP720D', '9', 'pc/s', '0.00', '2017-01-24 00:00:00', 'CLN-1617-137D');
INSERT INTO `property` VALUES ('817', '008-CE41-2017-030', '', 'USB Mouse A4tech OP-720D', 'A4TECH', 'OP720D', '9', 'pc/s', '0.00', '2017-01-24 00:00:00', 'CLN-1617-137D');
INSERT INTO `property` VALUES ('818', '008-CE41-2017-031', '', 'USB Mouse A4tech OP-720D', 'A4TECH', 'OP720D', '9', 'pc/s', '0.00', '2017-01-24 00:00:00', 'CLN-1617-137D');
INSERT INTO `property` VALUES ('819', '008-CE41-2017-032', '', 'USB Mouse A4tech OP-720D', 'A4TECH', 'OP720D', '9', 'pc/s', '0.00', '2017-01-24 00:00:00', 'CLN-1617-137D');
INSERT INTO `property` VALUES ('820', '008-CE41-2017-033', '', 'USB Mouse A4tech OP-720D', 'A4TECH', 'OP720D', '9', 'pc/s', '0.00', '2017-01-24 00:00:00', 'CLN-1617-137D');
INSERT INTO `property` VALUES ('821', '008-CE41-2017-034', '', 'USB Mouse A4tech OP-720D', 'A4TECH', 'OP720D', '9', 'pc/s', '0.00', '2017-01-24 00:00:00', 'CLN-1617-137D');
INSERT INTO `property` VALUES ('822', '008-CE41-2017-035', '', 'USB Mouse A4tech OP-720D', 'A4TECH', 'OP720D', '9', 'pc/s', '0.00', '2017-01-24 00:00:00', 'CLN-1617-137D');
INSERT INTO `property` VALUES ('823', '008-CE41-2017-036', '', 'USB Mouse A4tech OP-720D', 'A4TECH', 'OP720D', '9', 'pc/s', '0.00', '2017-01-24 00:00:00', 'CLN-1617-137D');
INSERT INTO `property` VALUES ('824', '008-CE41-2017-037', '', 'USB Mouse A4tech OP-720D', 'A4TECH', 'OP720D', '9', 'pc/s', '0.00', '2017-01-24 00:00:00', 'CLN-1617-137D');
INSERT INTO `property` VALUES ('825', '008-CE41-2017-038', '', 'USB Mouse A4tech OP-720D', 'A4TECH', 'OP720D', '9', 'pc/s', '0.00', '2017-01-24 00:00:00', 'CLN-1617-137D');
INSERT INTO `property` VALUES ('826', '008-CE41-2017-039', '', 'USB Mouse A4tech OP-720D', 'A4TECH', 'OP720D', '9', 'pc/s', '0.00', '2017-01-24 00:00:00', 'CLN-1617-137D');
INSERT INTO `property` VALUES ('827', '008-CE41-2017-040', '', 'USB Mouse A4tech OP-720D', 'A4TECH', 'OP720D', '9', 'pc/s', '0.00', '2017-01-24 00:00:00', 'CLN-1617-137D');
INSERT INTO `property` VALUES ('828', '008-CE41-2017-041', '', 'USB Mouse A4tech OP-720D', 'A4TECH', 'OP720D', '9', 'pc/s', '0.00', '2017-01-24 00:00:00', 'CLN-1617-137D');
INSERT INTO `property` VALUES ('829', '008-CE41-2017-042', '', 'USB Mouse A4tech OP-720D', 'A4TECH', 'OP720D', '9', 'pc/s', '0.00', '2017-01-24 00:00:00', 'CLN-1617-137D');
INSERT INTO `property` VALUES ('830', '008-CE41-2017-043', '', 'USB Mouse A4tech OP-720D', 'A4TECH', 'OP720D', '9', 'pc/s', '0.00', '2017-01-24 00:00:00', 'CLN-1617-137D');
INSERT INTO `property` VALUES ('831', '008-CE42-2017-001', '', 'USB Keyboard A4tech KR-85', 'A4TECH', 'KR85', '2', 'pc/s', '0.00', '0000-00-00 00:00:00', 'CLN-1617-137D');
INSERT INTO `property` VALUES ('832', '008-CE42-2017-002', '', 'USB Keyboard A4tech KR-85', 'A4TECH', 'KR85', '2', 'pc/s', '0.00', '0000-00-00 00:00:00', 'CLN-1617-137D');
INSERT INTO `property` VALUES ('833', '008-CE42-2017-003', '', 'USB Keyboard A4tech KR-85', 'A4TECH', 'KR85', '2', 'pc/s', '0.00', '0000-00-00 00:00:00', 'CLN-1617-137D');
INSERT INTO `property` VALUES ('834', '008-CE42-2017-004', '', 'USB Keyboard A4tech KR-85', 'A4TECH', 'KR85', '2', 'pc/s', '0.00', '0000-00-00 00:00:00', 'CLN-1617-137D');
INSERT INTO `property` VALUES ('835', '008-CE42-2017-005', '', 'USB Keyboard A4tech KR-85', 'A4TECH', 'KR85', '2', 'pc/s', '0.00', '0000-00-00 00:00:00', 'CLN-1617-137D');
INSERT INTO `property` VALUES ('836', '008-CE42-2017-006', '', 'USB Keyboard A4tech KR-85', 'A4TECH', 'KR85', '2', 'pc/s', '0.00', '0000-00-00 00:00:00', 'CLN-1617-137D');
INSERT INTO `property` VALUES ('837', '008-CE42-2017-007', '', 'USB Keyboard A4tech KR-85', 'A4TECH', 'KR85', '2', 'pc/s', '0.00', '0000-00-00 00:00:00', 'CLN-1617-137D');
INSERT INTO `property` VALUES ('838', '008-CE42-2017-008', '', 'USB Keyboard A4tech KR-85', 'A4TECH', 'KR85', '2', 'pc/s', '0.00', '0000-00-00 00:00:00', 'CLN-1617-137D');
INSERT INTO `property` VALUES ('839', '008-CE42-2017-009', '', 'USB Keyboard A4tech KR-85', 'A4TECH', 'KR85', '2', 'pc/s', '0.00', '0000-00-00 00:00:00', 'CLN-1617-137D');
INSERT INTO `property` VALUES ('840', '008-CE42-2017-010', '', 'USB Keyboard A4tech KR-85', 'A4TECH', 'KR85', '2', 'pc/s', '0.00', '0000-00-00 00:00:00', 'CLN-1617-137D');
INSERT INTO `property` VALUES ('841', '008-CE42-2017-011', '', 'USB Keyboard A4tech KR-85', 'A4TECH', 'KR85', '2', 'pc/s', '0.00', '0000-00-00 00:00:00', 'CLN-1617-137D');
INSERT INTO `property` VALUES ('842', '008-CE42-2017-012', '', 'USB Keyboard A4tech KR-85', 'A4TECH', 'KR85', '2', 'pc/s', '0.00', '0000-00-00 00:00:00', 'CLN-1617-137D');
INSERT INTO `property` VALUES ('843', '008-CE42-2017-013', '', 'USB Keyboard A4tech KR-85', 'A4TECH', 'KR85', '2', 'pc/s', '0.00', '0000-00-00 00:00:00', 'CLN-1617-137D');
INSERT INTO `property` VALUES ('844', '008-CE42-2017-014', '', 'USB Keyboard A4tech KR-85', 'A4TECH', 'KR85', '2', 'pc/s', '0.00', '0000-00-00 00:00:00', 'CLN-1617-137D');
INSERT INTO `property` VALUES ('845', '008-CE42-2017-015', '', 'USB Keyboard A4tech KR-85', 'A4TECH', 'KR85', '2', 'pc/s', '0.00', '0000-00-00 00:00:00', 'CLN-1617-137D');
INSERT INTO `property` VALUES ('846', '008-CE42-2017-016', '', 'USB Keyboard A4tech KR-85', 'A4TECH', 'KR85', '2', 'pc/s', '0.00', '0000-00-00 00:00:00', 'CLN-1617-137D');
INSERT INTO `property` VALUES ('847', '008-CE42-2017-017', '', 'USB Keyboard A4tech KR-85', 'A4TECH', 'KR85', '2', 'pc/s', '0.00', '0000-00-00 00:00:00', 'CLN-1617-137D');
INSERT INTO `property` VALUES ('848', '008-CE42-2017-018', '', 'USB Keyboard A4tech KR-85', 'A4TECH', 'KR85', '2', 'pc/s', '0.00', '0000-00-00 00:00:00', 'CLN-1617-137D');
INSERT INTO `property` VALUES ('849', '008-CE42-2017-019', '', 'USB Keyboard A4tech KR-85', 'A4TECH', 'KR85', '2', 'pc/s', '0.00', '0000-00-00 00:00:00', 'CLN-1617-137D');
INSERT INTO `property` VALUES ('850', '008-CE42-2017-020', '', 'USB Keyboard A4tech KR-85', 'A4TECH', 'KR85', '2', 'pc/s', '0.00', '0000-00-00 00:00:00', 'CLN-1617-137D');
INSERT INTO `property` VALUES ('851', '008-CE42-2017-021', '', 'USB Keyboard A4tech KR-85', 'A4TECH', 'KR85', '2', 'pc/s', '0.00', '0000-00-00 00:00:00', 'CLN-1617-137D');
INSERT INTO `property` VALUES ('852', '008-CE42-2017-022', '', 'USB Keyboard A4tech KR-85', 'A4TECH', 'KR85', '2', 'pc/s', '0.00', '0000-00-00 00:00:00', 'CLN-1617-137D');
INSERT INTO `property` VALUES ('853', '008-CE42-2017-023', '', 'USB Keyboard A4tech KR-85', 'A4TECH', 'KR85', '2', 'pc/s', '0.00', '0000-00-00 00:00:00', 'CLN-1617-137D');
INSERT INTO `property` VALUES ('854', '008-CE42-2017-024', '', 'USB Keyboard A4tech KR-85', 'A4TECH', 'KR85', '2', 'pc/s', '0.00', '0000-00-00 00:00:00', 'CLN-1617-137D');
INSERT INTO `property` VALUES ('855', '008-CE42-2017-025', '', 'USB Keyboard A4tech KR-85', 'A4TECH', 'KR85', '2', 'pc/s', '0.00', '0000-00-00 00:00:00', 'CLN-1617-137D');
INSERT INTO `property` VALUES ('856', '008-CE42-2017-026', '', 'USB Keyboard A4tech KR-85', 'A4TECH', 'KR85', '2', 'pc/s', '0.00', '0000-00-00 00:00:00', 'CLN-1617-137D');
INSERT INTO `property` VALUES ('857', '008-CE42-2017-027', '', 'USB Keyboard A4tech KR-85', 'A4TECH', 'KR85', '2', 'pc/s', '0.00', '0000-00-00 00:00:00', 'CLN-1617-137D');
INSERT INTO `property` VALUES ('858', '008-CE42-2017-028', '', 'USB Keyboard A4tech KR-85', 'A4TECH', 'KR85', '2', 'pc/s', '0.00', '0000-00-00 00:00:00', 'CLN-1617-137D');
INSERT INTO `property` VALUES ('859', '008-CE42-2017-029', '', 'USB Keyboard A4tech KR-85', 'A4TECH', 'KR85', '2', 'pc/s', '0.00', '0000-00-00 00:00:00', 'CLN-1617-137D');
INSERT INTO `property` VALUES ('860', '008-CE42-2017-030', '', 'USB Keyboard A4tech KR-85', 'A4TECH', 'KR85', '2', 'pc/s', '0.00', '0000-00-00 00:00:00', 'CLN-1617-137D');
INSERT INTO `property` VALUES ('861', '008-CE42-2017-031', '', 'USB Keyboard A4tech KR-85', 'A4TECH', 'KR85', '2', 'pc/s', '0.00', '0000-00-00 00:00:00', 'CLN-1617-137D');
INSERT INTO `property` VALUES ('862', '008-CE42-2017-032', '', 'USB Keyboard A4tech KR-85', 'A4TECH', 'KR85', '2', 'pc/s', '0.00', '0000-00-00 00:00:00', 'CLN-1617-137D');
INSERT INTO `property` VALUES ('863', '008-CE42-2017-033', '', 'USB Keyboard A4tech KR-85', 'A4TECH', 'KR85', '2', 'pc/s', '0.00', '0000-00-00 00:00:00', 'CLN-1617-137D');
INSERT INTO `property` VALUES ('864', '008-CE42-2017-034', '', 'USB Keyboard A4tech KR-85', 'A4TECH', 'KR85', '2', 'pc/s', '0.00', '0000-00-00 00:00:00', 'CLN-1617-137D');
INSERT INTO `property` VALUES ('865', '008-CE42-2017-035', '', 'USB Keyboard A4tech KR-85', 'A4TECH', 'KR85', '2', 'pc/s', '0.00', '0000-00-00 00:00:00', 'CLN-1617-137D');
INSERT INTO `property` VALUES ('866', '008-CE42-2017-036', '', 'USB Keyboard A4tech KR-85', 'A4TECH', 'KR85', '2', 'pc/s', '0.00', '0000-00-00 00:00:00', 'CLN-1617-137D');
INSERT INTO `property` VALUES ('867', '008-CE42-2017-037', '', 'USB Keyboard A4tech KR-85', 'A4TECH', 'KR85', '2', 'pc/s', '0.00', '0000-00-00 00:00:00', 'CLN-1617-137D');
INSERT INTO `property` VALUES ('868', '008-CE42-2017-038', '', 'USB Keyboard A4tech KR-85', 'A4TECH', 'KR85', '2', 'pc/s', '0.00', '0000-00-00 00:00:00', 'CLN-1617-137D');
INSERT INTO `property` VALUES ('869', '008-CE42-2017-039', '', 'USB Keyboard A4tech KR-85', 'A4TECH', 'KR85', '2', 'pc/s', '0.00', '0000-00-00 00:00:00', 'CLN-1617-137D');
INSERT INTO `property` VALUES ('870', '008-CE42-2017-040', '', 'USB Keyboard A4tech KR-85', 'A4TECH', 'KR85', '2', 'pc/s', '0.00', '0000-00-00 00:00:00', 'CLN-1617-137D');
INSERT INTO `property` VALUES ('871', '008-CE42-2017-041', '', 'USB Keyboard A4tech KR-85', 'A4TECH', 'KR85', '2', 'pc/s', '0.00', '0000-00-00 00:00:00', 'CLN-1617-137D');
INSERT INTO `property` VALUES ('872', '008-CE42-2017-042', '', 'USB Keyboard A4tech KR-85', 'A4TECH', 'KR85', '2', 'pc/s', '0.00', '0000-00-00 00:00:00', 'CLN-1617-137D');
INSERT INTO `property` VALUES ('873', '008-CE42-2017-043', '', 'USB Keyboard A4tech KR-85', 'A4TECH', 'KR85', '2', 'pc/s', '0.00', '0000-00-00 00:00:00', 'CLN-1617-137D');
INSERT INTO `property` VALUES ('874', '008-CE47-2017-001', '5VV0YS8X', 'SEAGATE HDD 7200RPM 500G SATA\n', 'SEAGATE', 'ST3500312CS', '70', 'PC/S', '2100.00', '2017-02-10 17:52:03', 'CLN-1617-137D');
INSERT INTO `property` VALUES ('875', ' ', '', 'HDMI TO VGA CABLE MINI', '', '', '41', 'PC/S', '550.00', '0000-00-00 00:00:00', 'CLN-1617-137D');
INSERT INTO `property` VALUES ('876', ' ', '', 'Mini Display Port to VGA', '', '', '41', 'PC/S', '850.00', '0000-00-00 00:00:00', 'CLN-1617-137D');

-- ----------------------------
-- Table structure for `property_accountability`
-- ----------------------------
DROP TABLE IF EXISTS `property_accountability`;
CREATE TABLE `property_accountability` (
  `emp_id` varchar(30) NOT NULL,
  `property_id` int(11) NOT NULL,
  `qty` int(11) NOT NULL,
  `location_id` int(11) NOT NULL,
  `condition_id` int(2) NOT NULL,
  `remarks` varchar(999) DEFAULT NULL,
  PRIMARY KEY (`emp_id`,`condition_id`,`property_id`,`location_id`)
) ENGINE=InnoDB DEFAULT CHARSET=latin1;

-- ----------------------------
-- Records of property_accountability
-- ----------------------------
INSERT INTO `property_accountability` VALUES ('CLN0003A', '736', '1', '90', '1', null);
INSERT INTO `property_accountability` VALUES ('CLN0003A', '737', '1', '90', '1', null);
INSERT INTO `property_accountability` VALUES ('CLN0012F', '198', '1', '13', '1', null);
INSERT INTO `property_accountability` VALUES ('CLN0025A', '22', '1', '2', '1', null);
INSERT INTO `property_accountability` VALUES ('CLN0025A', '41', '1', '3', '1', null);
INSERT INTO `property_accountability` VALUES ('CLN0025A', '51', '1', '5', '1', null);
INSERT INTO `property_accountability` VALUES ('CLN0025A', '60', '1', '6', '1', null);
INSERT INTO `property_accountability` VALUES ('CLN0025A', '85', '1', '10', '1', null);
INSERT INTO `property_accountability` VALUES ('CLN0025A', '94', '1', '11', '1', null);
INSERT INTO `property_accountability` VALUES ('CLN0025A', '103', '1', '12', '1', null);
INSERT INTO `property_accountability` VALUES ('CLN0025A', '204', '1', '15', '1', null);
INSERT INTO `property_accountability` VALUES ('CLN0025A', '254', '1', '16', '1', null);
INSERT INTO `property_accountability` VALUES ('CLN0025A', '348', '1', '60', '1', null);
INSERT INTO `property_accountability` VALUES ('CLN0025A', '395', '1', '61', '1', null);
INSERT INTO `property_accountability` VALUES ('CLN0025A', '447', '1', '63', '1', null);
INSERT INTO `property_accountability` VALUES ('CLN0025A', '482', '1', '64', '1', null);
INSERT INTO `property_accountability` VALUES ('CLN0025A', '531', '1', '65', '1', null);
INSERT INTO `property_accountability` VALUES ('CLN0025A', '566', '1', '66', '1', null);
INSERT INTO `property_accountability` VALUES ('CLN0025A', '585', '1', '67', '1', null);
INSERT INTO `property_accountability` VALUES ('CLN0025A', '595', '1', '68', '1', null);
INSERT INTO `property_accountability` VALUES ('CLN0025A', '729', '1', '87', '1', null);
INSERT INTO `property_accountability` VALUES ('CLN0025A', '735', '1', '90', '1', null);
INSERT INTO `property_accountability` VALUES ('CLN0025A', '743', '1', '92', '1', null);
INSERT INTO `property_accountability` VALUES ('CLN0025A', '750', '1', '93', '1', null);
INSERT INTO `property_accountability` VALUES ('CLN0025A', '756', '1', '94', '1', null);
INSERT INTO `property_accountability` VALUES ('CLN0025A', '762', '1', '95', '1', null);
INSERT INTO `property_accountability` VALUES ('CLN0025A', '768', '1', '96', '1', null);
INSERT INTO `property_accountability` VALUES ('CLN0025A', '774', '1', '97', '1', null);
INSERT INTO `property_accountability` VALUES ('CLN0025A', '780', '1', '98', '1', null);
INSERT INTO `property_accountability` VALUES ('CLN0025A', '786', '1', '99', '1', null);
INSERT INTO `property_accountability` VALUES ('CLN0025A', '788', '1', '135', '1', null);
INSERT INTO `property_accountability` VALUES ('CLN0025A', '789', '1', '135', '1', null);
INSERT INTO `property_accountability` VALUES ('CLN0025A', '790', '1', '135', '1', null);
INSERT INTO `property_accountability` VALUES ('CLN0025A', '791', '1', '135', '1', null);
INSERT INTO `property_accountability` VALUES ('CLN0025A', '792', '1', '135', '1', null);
INSERT INTO `property_accountability` VALUES ('CLN0025A', '793', '1', '135', '1', null);
INSERT INTO `property_accountability` VALUES ('CLN0025A', '794', '1', '135', '1', null);
INSERT INTO `property_accountability` VALUES ('CLN0025A', '795', '1', '135', '1', null);
INSERT INTO `property_accountability` VALUES ('CLN0025A', '796', '1', '135', '1', null);
INSERT INTO `property_accountability` VALUES ('CLN0025A', '797', '1', '135', '1', null);
INSERT INTO `property_accountability` VALUES ('CLN0025A', '798', '1', '135', '1', null);
INSERT INTO `property_accountability` VALUES ('CLN0025A', '799', '1', '135', '1', null);
INSERT INTO `property_accountability` VALUES ('CLN0025A', '800', '1', '135', '1', null);
INSERT INTO `property_accountability` VALUES ('CLN0025A', '801', '1', '135', '1', null);
INSERT INTO `property_accountability` VALUES ('CLN0025A', '802', '1', '135', '1', null);
INSERT INTO `property_accountability` VALUES ('CLN0025A', '803', '1', '135', '1', null);
INSERT INTO `property_accountability` VALUES ('CLN0025A', '804', '1', '135', '1', null);
INSERT INTO `property_accountability` VALUES ('CLN0025A', '805', '1', '135', '1', null);
INSERT INTO `property_accountability` VALUES ('CLN0025A', '806', '1', '135', '1', null);
INSERT INTO `property_accountability` VALUES ('CLN0025A', '807', '1', '135', '1', null);
INSERT INTO `property_accountability` VALUES ('CLN0025A', '808', '1', '135', '1', null);
INSERT INTO `property_accountability` VALUES ('CLN0025A', '809', '1', '135', '1', null);
INSERT INTO `property_accountability` VALUES ('CLN0025A', '810', '1', '135', '1', null);
INSERT INTO `property_accountability` VALUES ('CLN0025A', '811', '1', '135', '1', null);
INSERT INTO `property_accountability` VALUES ('CLN0025A', '812', '1', '135', '1', null);
INSERT INTO `property_accountability` VALUES ('CLN0025A', '813', '1', '135', '1', null);
INSERT INTO `property_accountability` VALUES ('CLN0025A', '814', '1', '135', '1', null);
INSERT INTO `property_accountability` VALUES ('CLN0025A', '815', '1', '135', '1', null);
INSERT INTO `property_accountability` VALUES ('CLN0025A', '816', '1', '135', '1', null);
INSERT INTO `property_accountability` VALUES ('CLN0025A', '817', '1', '135', '1', null);
INSERT INTO `property_accountability` VALUES ('CLN0025A', '818', '1', '135', '1', null);
INSERT INTO `property_accountability` VALUES ('CLN0025A', '819', '1', '135', '1', null);
INSERT INTO `property_accountability` VALUES ('CLN0025A', '820', '1', '135', '1', null);
INSERT INTO `property_accountability` VALUES ('CLN0025A', '821', '1', '135', '1', null);
INSERT INTO `property_accountability` VALUES ('CLN0025A', '822', '1', '135', '1', null);
INSERT INTO `property_accountability` VALUES ('CLN0025A', '823', '1', '135', '1', null);
INSERT INTO `property_accountability` VALUES ('CLN0025A', '824', '1', '135', '1', null);
INSERT INTO `property_accountability` VALUES ('CLN0025A', '825', '1', '135', '1', null);
INSERT INTO `property_accountability` VALUES ('CLN0025A', '826', '1', '135', '1', null);
INSERT INTO `property_accountability` VALUES ('CLN0025A', '827', '1', '135', '1', null);
INSERT INTO `property_accountability` VALUES ('CLN0025A', '828', '1', '135', '1', null);
INSERT INTO `property_accountability` VALUES ('CLN0025A', '829', '1', '135', '1', null);
INSERT INTO `property_accountability` VALUES ('CLN0025A', '830', '1', '135', '1', null);
INSERT INTO `property_accountability` VALUES ('CLN0025A', '831', '1', '135', '1', null);
INSERT INTO `property_accountability` VALUES ('CLN0025A', '832', '1', '135', '1', null);
INSERT INTO `property_accountability` VALUES ('CLN0025A', '833', '1', '135', '1', null);
INSERT INTO `property_accountability` VALUES ('CLN0025A', '834', '1', '135', '1', null);
INSERT INTO `property_accountability` VALUES ('CLN0025A', '835', '1', '135', '1', null);
INSERT INTO `property_accountability` VALUES ('CLN0025A', '836', '1', '135', '1', null);
INSERT INTO `property_accountability` VALUES ('CLN0025A', '837', '1', '135', '1', null);
INSERT INTO `property_accountability` VALUES ('CLN0025A', '838', '1', '135', '1', null);
INSERT INTO `property_accountability` VALUES ('CLN0025A', '839', '1', '135', '1', null);
INSERT INTO `property_accountability` VALUES ('CLN0025A', '840', '1', '135', '1', null);
INSERT INTO `property_accountability` VALUES ('CLN0025A', '841', '1', '135', '1', null);
INSERT INTO `property_accountability` VALUES ('CLN0025A', '842', '1', '135', '1', null);
INSERT INTO `property_accountability` VALUES ('CLN0025A', '843', '1', '135', '1', null);
INSERT INTO `property_accountability` VALUES ('CLN0025A', '844', '1', '135', '1', null);
INSERT INTO `property_accountability` VALUES ('CLN0025A', '845', '1', '135', '1', null);
INSERT INTO `property_accountability` VALUES ('CLN0025A', '846', '1', '135', '1', null);
INSERT INTO `property_accountability` VALUES ('CLN0025A', '847', '1', '135', '1', null);
INSERT INTO `property_accountability` VALUES ('CLN0025A', '848', '1', '135', '1', null);
INSERT INTO `property_accountability` VALUES ('CLN0025A', '849', '1', '135', '1', null);
INSERT INTO `property_accountability` VALUES ('CLN0025A', '850', '1', '135', '1', null);
INSERT INTO `property_accountability` VALUES ('CLN0025A', '851', '1', '135', '1', null);
INSERT INTO `property_accountability` VALUES ('CLN0025A', '852', '1', '135', '1', null);
INSERT INTO `property_accountability` VALUES ('CLN0025A', '853', '1', '135', '1', null);
INSERT INTO `property_accountability` VALUES ('CLN0025A', '854', '1', '135', '1', null);
INSERT INTO `property_accountability` VALUES ('CLN0025A', '855', '1', '135', '1', null);
INSERT INTO `property_accountability` VALUES ('CLN0025A', '856', '1', '135', '1', null);
INSERT INTO `property_accountability` VALUES ('CLN0025A', '857', '1', '135', '1', null);
INSERT INTO `property_accountability` VALUES ('CLN0025A', '858', '1', '135', '1', null);
INSERT INTO `property_accountability` VALUES ('CLN0025A', '859', '1', '135', '1', null);
INSERT INTO `property_accountability` VALUES ('CLN0025A', '860', '1', '135', '1', null);
INSERT INTO `property_accountability` VALUES ('CLN0025A', '861', '1', '135', '1', null);
INSERT INTO `property_accountability` VALUES ('CLN0025A', '862', '1', '135', '1', null);
INSERT INTO `property_accountability` VALUES ('CLN0025A', '863', '1', '135', '1', null);
INSERT INTO `property_accountability` VALUES ('CLN0025A', '864', '1', '135', '1', null);
INSERT INTO `property_accountability` VALUES ('CLN0025A', '865', '1', '135', '1', null);
INSERT INTO `property_accountability` VALUES ('CLN0025A', '866', '1', '135', '1', null);
INSERT INTO `property_accountability` VALUES ('CLN0025A', '867', '1', '135', '1', null);
INSERT INTO `property_accountability` VALUES ('CLN0025A', '868', '1', '135', '1', null);
INSERT INTO `property_accountability` VALUES ('CLN0025A', '869', '1', '135', '1', null);
INSERT INTO `property_accountability` VALUES ('CLN0025A', '870', '1', '135', '1', null);
INSERT INTO `property_accountability` VALUES ('CLN0025A', '871', '1', '135', '1', null);
INSERT INTO `property_accountability` VALUES ('CLN0025A', '872', '1', '135', '1', null);
INSERT INTO `property_accountability` VALUES ('CLN0025A', '873', '1', '135', '1', null);
INSERT INTO `property_accountability` VALUES ('CLN0025A', '874', '1', '135', '1', null);
INSERT INTO `property_accountability` VALUES ('CLN0025A', '875', '43', '135', '1', null);
INSERT INTO `property_accountability` VALUES ('CLN0025A', '876', '19', '135', '1', null);
INSERT INTO `property_accountability` VALUES ('CLN0291A', '13', '1', '2', '1', null);
INSERT INTO `property_accountability` VALUES ('CLN0291A', '14', '1', '2', '1', null);
INSERT INTO `property_accountability` VALUES ('CLN0291A', '15', '1', '2', '1', null);
INSERT INTO `property_accountability` VALUES ('CLN0291A', '16', '1', '2', '1', null);
INSERT INTO `property_accountability` VALUES ('CLN0291A', '18', '1', '2', '1', null);
INSERT INTO `property_accountability` VALUES ('CLN0291A', '23', '1', '2', '1', null);
INSERT INTO `property_accountability` VALUES ('CLN0291A', '24', '1', '2', '1', null);
INSERT INTO `property_accountability` VALUES ('CLN0291A', '25', '1', '2', '1', null);
INSERT INTO `property_accountability` VALUES ('CLN0291A', '37', '1', '3', '1', null);
INSERT INTO `property_accountability` VALUES ('CLN0291A', '38', '1', '3', '1', null);
INSERT INTO `property_accountability` VALUES ('CLN0291A', '39', '1', '3', '1', null);
INSERT INTO `property_accountability` VALUES ('CLN0291A', '40', '1', '3', '1', null);
INSERT INTO `property_accountability` VALUES ('CLN0291A', '42', '1', '3', '1', null);
INSERT INTO `property_accountability` VALUES ('CLN0291A', '43', '1', '3', '1', null);
INSERT INTO `property_accountability` VALUES ('CLN0291A', '44', '1', '3', '1', null);
INSERT INTO `property_accountability` VALUES ('CLN0291A', '45', '1', '3', '1', null);
INSERT INTO `property_accountability` VALUES ('CLN0291A', '46', '1', '3', '1', null);
INSERT INTO `property_accountability` VALUES ('CLN0291A', '47', '1', '5', '1', null);
INSERT INTO `property_accountability` VALUES ('CLN0291A', '48', '1', '5', '1', null);
INSERT INTO `property_accountability` VALUES ('CLN0291A', '49', '1', '5', '1', null);
INSERT INTO `property_accountability` VALUES ('CLN0291A', '50', '1', '5', '1', null);
INSERT INTO `property_accountability` VALUES ('CLN0291A', '52', '1', '5', '1', null);
INSERT INTO `property_accountability` VALUES ('CLN0291A', '53', '1', '5', '1', null);
INSERT INTO `property_accountability` VALUES ('CLN0291A', '54', '1', '5', '1', null);
INSERT INTO `property_accountability` VALUES ('CLN0291A', '55', '1', '5', '1', null);
INSERT INTO `property_accountability` VALUES ('CLN0291A', '56', '1', '6', '1', null);
INSERT INTO `property_accountability` VALUES ('CLN0291A', '57', '1', '6', '1', null);
INSERT INTO `property_accountability` VALUES ('CLN0291A', '58', '1', '6', '1', null);
INSERT INTO `property_accountability` VALUES ('CLN0291A', '59', '1', '6', '1', null);
INSERT INTO `property_accountability` VALUES ('CLN0291A', '61', '1', '6', '1', null);
INSERT INTO `property_accountability` VALUES ('CLN0291A', '62', '1', '6', '1', null);
INSERT INTO `property_accountability` VALUES ('CLN0291A', '63', '1', '6', '1', null);
INSERT INTO `property_accountability` VALUES ('CLN0291A', '64', '1', '6', '1', null);
INSERT INTO `property_accountability` VALUES ('CLN0291A', '65', '1', '7', '1', null);
INSERT INTO `property_accountability` VALUES ('CLN0291A', '66', '1', '7', '1', null);
INSERT INTO `property_accountability` VALUES ('CLN0291A', '67', '1', '7', '1', null);
INSERT INTO `property_accountability` VALUES ('CLN0291A', '68', '1', '7', '1', null);
INSERT INTO `property_accountability` VALUES ('CLN0291A', '69', '1', '7', '1', null);
INSERT INTO `property_accountability` VALUES ('CLN0291A', '70', '1', '7', '1', null);
INSERT INTO `property_accountability` VALUES ('CLN0291A', '71', '1', '7', '1', null);
INSERT INTO `property_accountability` VALUES ('CLN0291A', '72', '1', '7', '1', null);
INSERT INTO `property_accountability` VALUES ('CLN0291A', '73', '1', '8', '1', null);
INSERT INTO `property_accountability` VALUES ('CLN0291A', '74', '1', '8', '1', null);
INSERT INTO `property_accountability` VALUES ('CLN0291A', '75', '1', '8', '1', null);
INSERT INTO `property_accountability` VALUES ('CLN0291A', '76', '1', '8', '1', null);
INSERT INTO `property_accountability` VALUES ('CLN0291A', '77', '1', '8', '1', null);
INSERT INTO `property_accountability` VALUES ('CLN0291A', '78', '1', '8', '1', null);
INSERT INTO `property_accountability` VALUES ('CLN0291A', '79', '1', '8', '1', null);
INSERT INTO `property_accountability` VALUES ('CLN0291A', '80', '1', '8', '1', null);
INSERT INTO `property_accountability` VALUES ('CLN0291A', '81', '1', '10', '1', null);
INSERT INTO `property_accountability` VALUES ('CLN0291A', '82', '1', '10', '1', null);
INSERT INTO `property_accountability` VALUES ('CLN0291A', '83', '1', '10', '1', null);
INSERT INTO `property_accountability` VALUES ('CLN0291A', '84', '1', '10', '1', null);
INSERT INTO `property_accountability` VALUES ('CLN0291A', '86', '1', '10', '1', null);
INSERT INTO `property_accountability` VALUES ('CLN0291A', '87', '1', '10', '1', null);
INSERT INTO `property_accountability` VALUES ('CLN0291A', '88', '1', '10', '1', null);
INSERT INTO `property_accountability` VALUES ('CLN0291A', '89', '1', '10', '1', null);
INSERT INTO `property_accountability` VALUES ('CLN0291A', '90', '1', '11', '1', null);
INSERT INTO `property_accountability` VALUES ('CLN0291A', '91', '1', '11', '1', null);
INSERT INTO `property_accountability` VALUES ('CLN0291A', '92', '1', '11', '1', null);
INSERT INTO `property_accountability` VALUES ('CLN0291A', '93', '1', '11', '1', null);
INSERT INTO `property_accountability` VALUES ('CLN0291A', '95', '1', '11', '1', null);
INSERT INTO `property_accountability` VALUES ('CLN0291A', '96', '1', '11', '1', null);
INSERT INTO `property_accountability` VALUES ('CLN0291A', '97', '1', '11', '1', null);
INSERT INTO `property_accountability` VALUES ('CLN0291A', '98', '1', '11', '1', null);
INSERT INTO `property_accountability` VALUES ('CLN0291A', '99', '1', '12', '1', null);
INSERT INTO `property_accountability` VALUES ('CLN0291A', '100', '1', '12', '1', null);
INSERT INTO `property_accountability` VALUES ('CLN0291A', '101', '1', '12', '1', null);
INSERT INTO `property_accountability` VALUES ('CLN0291A', '102', '1', '12', '1', null);
INSERT INTO `property_accountability` VALUES ('CLN0291A', '104', '1', '12', '1', null);
INSERT INTO `property_accountability` VALUES ('CLN0291A', '105', '1', '12', '1', null);
INSERT INTO `property_accountability` VALUES ('CLN0291A', '106', '1', '12', '1', null);
INSERT INTO `property_accountability` VALUES ('CLN0291A', '107', '1', '12', '1', null);
INSERT INTO `property_accountability` VALUES ('CLN0291A', '108', '1', '13', '1', null);
INSERT INTO `property_accountability` VALUES ('CLN0291A', '109', '1', '13', '1', null);
INSERT INTO `property_accountability` VALUES ('CLN0291A', '110', '1', '13', '1', null);
INSERT INTO `property_accountability` VALUES ('CLN0291A', '111', '1', '13', '1', null);
INSERT INTO `property_accountability` VALUES ('CLN0291A', '112', '1', '13', '1', null);
INSERT INTO `property_accountability` VALUES ('CLN0291A', '113', '1', '13', '1', null);
INSERT INTO `property_accountability` VALUES ('CLN0291A', '114', '1', '13', '1', null);
INSERT INTO `property_accountability` VALUES ('CLN0291A', '115', '1', '13', '1', null);
INSERT INTO `property_accountability` VALUES ('CLN0291A', '116', '1', '13', '1', null);
INSERT INTO `property_accountability` VALUES ('CLN0291A', '117', '1', '13', '1', null);
INSERT INTO `property_accountability` VALUES ('CLN0291A', '118', '1', '13', '1', null);
INSERT INTO `property_accountability` VALUES ('CLN0291A', '119', '1', '13', '1', null);
INSERT INTO `property_accountability` VALUES ('CLN0291A', '120', '1', '13', '1', null);
INSERT INTO `property_accountability` VALUES ('CLN0291A', '121', '1', '13', '1', null);
INSERT INTO `property_accountability` VALUES ('CLN0291A', '122', '1', '13', '1', null);
INSERT INTO `property_accountability` VALUES ('CLN0291A', '123', '1', '13', '1', null);
INSERT INTO `property_accountability` VALUES ('CLN0291A', '124', '1', '13', '1', null);
INSERT INTO `property_accountability` VALUES ('CLN0291A', '125', '1', '13', '1', null);
INSERT INTO `property_accountability` VALUES ('CLN0291A', '126', '1', '13', '1', null);
INSERT INTO `property_accountability` VALUES ('CLN0291A', '127', '1', '13', '1', null);
INSERT INTO `property_accountability` VALUES ('CLN0291A', '128', '1', '13', '1', null);
INSERT INTO `property_accountability` VALUES ('CLN0291A', '129', '1', '13', '1', null);
INSERT INTO `property_accountability` VALUES ('CLN0291A', '130', '1', '13', '1', null);
INSERT INTO `property_accountability` VALUES ('CLN0291A', '131', '1', '13', '1', null);
INSERT INTO `property_accountability` VALUES ('CLN0291A', '132', '1', '13', '1', null);
INSERT INTO `property_accountability` VALUES ('CLN0291A', '133', '1', '13', '1', null);
INSERT INTO `property_accountability` VALUES ('CLN0291A', '134', '1', '13', '1', null);
INSERT INTO `property_accountability` VALUES ('CLN0291A', '135', '1', '13', '1', null);
INSERT INTO `property_accountability` VALUES ('CLN0291A', '136', '1', '13', '1', null);
INSERT INTO `property_accountability` VALUES ('CLN0291A', '137', '1', '13', '1', null);
INSERT INTO `property_accountability` VALUES ('CLN0291A', '138', '1', '13', '1', null);
INSERT INTO `property_accountability` VALUES ('CLN0291A', '139', '1', '13', '1', null);
INSERT INTO `property_accountability` VALUES ('CLN0291A', '140', '1', '13', '1', null);
INSERT INTO `property_accountability` VALUES ('CLN0291A', '141', '1', '13', '1', null);
INSERT INTO `property_accountability` VALUES ('CLN0291A', '142', '1', '13', '1', null);
INSERT INTO `property_accountability` VALUES ('CLN0291A', '143', '1', '13', '1', null);
INSERT INTO `property_accountability` VALUES ('CLN0291A', '144', '1', '13', '1', null);
INSERT INTO `property_accountability` VALUES ('CLN0291A', '145', '1', '13', '1', null);
INSERT INTO `property_accountability` VALUES ('CLN0291A', '146', '1', '13', '1', null);
INSERT INTO `property_accountability` VALUES ('CLN0291A', '147', '1', '13', '1', null);
INSERT INTO `property_accountability` VALUES ('CLN0291A', '148', '1', '13', '1', null);
INSERT INTO `property_accountability` VALUES ('CLN0291A', '149', '1', '13', '1', null);
INSERT INTO `property_accountability` VALUES ('CLN0291A', '150', '1', '13', '1', null);
INSERT INTO `property_accountability` VALUES ('CLN0291A', '151', '1', '13', '1', null);
INSERT INTO `property_accountability` VALUES ('CLN0291A', '152', '1', '13', '1', null);
INSERT INTO `property_accountability` VALUES ('CLN0291A', '153', '1', '13', '1', null);
INSERT INTO `property_accountability` VALUES ('CLN0291A', '154', '1', '13', '1', null);
INSERT INTO `property_accountability` VALUES ('CLN0291A', '155', '1', '13', '1', null);
INSERT INTO `property_accountability` VALUES ('CLN0291A', '156', '1', '13', '1', null);
INSERT INTO `property_accountability` VALUES ('CLN0291A', '157', '1', '13', '1', null);
INSERT INTO `property_accountability` VALUES ('CLN0291A', '158', '1', '13', '1', null);
INSERT INTO `property_accountability` VALUES ('CLN0291A', '159', '1', '13', '1', null);
INSERT INTO `property_accountability` VALUES ('CLN0291A', '160', '1', '13', '1', null);
INSERT INTO `property_accountability` VALUES ('CLN0291A', '161', '1', '13', '1', null);
INSERT INTO `property_accountability` VALUES ('CLN0291A', '162', '1', '13', '1', null);
INSERT INTO `property_accountability` VALUES ('CLN0291A', '163', '1', '13', '1', null);
INSERT INTO `property_accountability` VALUES ('CLN0291A', '164', '1', '13', '1', null);
INSERT INTO `property_accountability` VALUES ('CLN0291A', '165', '1', '13', '1', null);
INSERT INTO `property_accountability` VALUES ('CLN0291A', '166', '1', '13', '1', null);
INSERT INTO `property_accountability` VALUES ('CLN0291A', '167', '1', '13', '1', null);
INSERT INTO `property_accountability` VALUES ('CLN0291A', '168', '1', '13', '1', null);
INSERT INTO `property_accountability` VALUES ('CLN0291A', '169', '1', '13', '1', null);
INSERT INTO `property_accountability` VALUES ('CLN0291A', '170', '1', '13', '1', null);
INSERT INTO `property_accountability` VALUES ('CLN0291A', '171', '1', '13', '1', null);
INSERT INTO `property_accountability` VALUES ('CLN0291A', '172', '1', '13', '1', null);
INSERT INTO `property_accountability` VALUES ('CLN0291A', '173', '1', '13', '1', null);
INSERT INTO `property_accountability` VALUES ('CLN0291A', '174', '1', '13', '1', null);
INSERT INTO `property_accountability` VALUES ('CLN0291A', '175', '1', '13', '1', null);
INSERT INTO `property_accountability` VALUES ('CLN0291A', '176', '1', '13', '1', null);
INSERT INTO `property_accountability` VALUES ('CLN0291A', '177', '1', '13', '1', null);
INSERT INTO `property_accountability` VALUES ('CLN0291A', '178', '1', '13', '1', null);
INSERT INTO `property_accountability` VALUES ('CLN0291A', '179', '1', '13', '1', null);
INSERT INTO `property_accountability` VALUES ('CLN0291A', '180', '1', '13', '1', null);
INSERT INTO `property_accountability` VALUES ('CLN0291A', '181', '1', '13', '1', null);
INSERT INTO `property_accountability` VALUES ('CLN0291A', '182', '1', '13', '1', null);
INSERT INTO `property_accountability` VALUES ('CLN0291A', '183', '1', '13', '1', null);
INSERT INTO `property_accountability` VALUES ('CLN0291A', '184', '1', '13', '1', null);
INSERT INTO `property_accountability` VALUES ('CLN0291A', '185', '1', '13', '1', null);
INSERT INTO `property_accountability` VALUES ('CLN0291A', '186', '1', '13', '1', null);
INSERT INTO `property_accountability` VALUES ('CLN0291A', '187', '1', '13', '1', null);
INSERT INTO `property_accountability` VALUES ('CLN0291A', '188', '1', '13', '1', null);
INSERT INTO `property_accountability` VALUES ('CLN0291A', '189', '1', '13', '1', null);
INSERT INTO `property_accountability` VALUES ('CLN0291A', '190', '1', '13', '1', null);
INSERT INTO `property_accountability` VALUES ('CLN0291A', '191', '1', '13', '1', null);
INSERT INTO `property_accountability` VALUES ('CLN0291A', '192', '1', '13', '1', null);
INSERT INTO `property_accountability` VALUES ('CLN0291A', '193', '1', '13', '1', null);
INSERT INTO `property_accountability` VALUES ('CLN0291A', '194', '1', '13', '1', null);
INSERT INTO `property_accountability` VALUES ('CLN0291A', '195', '1', '13', '1', null);
INSERT INTO `property_accountability` VALUES ('CLN0291A', '196', '1', '13', '1', null);
INSERT INTO `property_accountability` VALUES ('CLN0291A', '197', '1', '13', '1', null);
INSERT INTO `property_accountability` VALUES ('CLN0291A', '199', '1', '13', '1', null);
INSERT INTO `property_accountability` VALUES ('CLN0291A', '200', '1', '15', '1', null);
INSERT INTO `property_accountability` VALUES ('CLN0291A', '201', '1', '15', '1', null);
INSERT INTO `property_accountability` VALUES ('CLN0291A', '202', '1', '15', '1', null);
INSERT INTO `property_accountability` VALUES ('CLN0291A', '203', '1', '15', '1', null);
INSERT INTO `property_accountability` VALUES ('CLN0291A', '205', '1', '15', '1', null);
INSERT INTO `property_accountability` VALUES ('CLN0291A', '206', '1', '15', '1', null);
INSERT INTO `property_accountability` VALUES ('CLN0291A', '207', '1', '15', '1', null);
INSERT INTO `property_accountability` VALUES ('CLN0291A', '208', '1', '15', '1', null);
INSERT INTO `property_accountability` VALUES ('CLN0291A', '209', '1', '15', '1', null);
INSERT INTO `property_accountability` VALUES ('CLN0291A', '210', '1', '15', '1', null);
INSERT INTO `property_accountability` VALUES ('CLN0291A', '211', '1', '15', '1', null);
INSERT INTO `property_accountability` VALUES ('CLN0291A', '212', '1', '15', '1', null);
INSERT INTO `property_accountability` VALUES ('CLN0291A', '213', '1', '15', '1', null);
INSERT INTO `property_accountability` VALUES ('CLN0291A', '214', '1', '15', '1', null);
INSERT INTO `property_accountability` VALUES ('CLN0291A', '215', '1', '15', '1', null);
INSERT INTO `property_accountability` VALUES ('CLN0291A', '216', '1', '15', '1', null);
INSERT INTO `property_accountability` VALUES ('CLN0291A', '217', '1', '15', '1', null);
INSERT INTO `property_accountability` VALUES ('CLN0291A', '218', '1', '15', '1', null);
INSERT INTO `property_accountability` VALUES ('CLN0291A', '219', '1', '15', '1', null);
INSERT INTO `property_accountability` VALUES ('CLN0291A', '220', '1', '15', '1', null);
INSERT INTO `property_accountability` VALUES ('CLN0291A', '221', '1', '15', '1', null);
INSERT INTO `property_accountability` VALUES ('CLN0291A', '222', '1', '15', '1', null);
INSERT INTO `property_accountability` VALUES ('CLN0291A', '223', '1', '15', '1', null);
INSERT INTO `property_accountability` VALUES ('CLN0291A', '224', '1', '15', '1', null);
INSERT INTO `property_accountability` VALUES ('CLN0291A', '225', '1', '15', '1', null);
INSERT INTO `property_accountability` VALUES ('CLN0291A', '226', '1', '15', '1', null);
INSERT INTO `property_accountability` VALUES ('CLN0291A', '227', '1', '15', '1', null);
INSERT INTO `property_accountability` VALUES ('CLN0291A', '228', '1', '15', '1', null);
INSERT INTO `property_accountability` VALUES ('CLN0291A', '229', '1', '15', '1', null);
INSERT INTO `property_accountability` VALUES ('CLN0291A', '230', '1', '15', '1', null);
INSERT INTO `property_accountability` VALUES ('CLN0291A', '231', '1', '15', '1', null);
INSERT INTO `property_accountability` VALUES ('CLN0291A', '232', '1', '15', '1', null);
INSERT INTO `property_accountability` VALUES ('CLN0291A', '233', '1', '15', '1', null);
INSERT INTO `property_accountability` VALUES ('CLN0291A', '234', '1', '15', '1', null);
INSERT INTO `property_accountability` VALUES ('CLN0291A', '235', '1', '15', '1', null);
INSERT INTO `property_accountability` VALUES ('CLN0291A', '236', '1', '15', '1', null);
INSERT INTO `property_accountability` VALUES ('CLN0291A', '237', '1', '15', '1', null);
INSERT INTO `property_accountability` VALUES ('CLN0291A', '238', '1', '15', '1', null);
INSERT INTO `property_accountability` VALUES ('CLN0291A', '239', '1', '15', '1', null);
INSERT INTO `property_accountability` VALUES ('CLN0291A', '240', '1', '15', '1', null);
INSERT INTO `property_accountability` VALUES ('CLN0291A', '241', '1', '15', '1', null);
INSERT INTO `property_accountability` VALUES ('CLN0291A', '242', '1', '15', '1', null);
INSERT INTO `property_accountability` VALUES ('CLN0291A', '243', '1', '15', '1', null);
INSERT INTO `property_accountability` VALUES ('CLN0291A', '244', '1', '15', '1', null);
INSERT INTO `property_accountability` VALUES ('CLN0291A', '245', '1', '15', '1', null);
INSERT INTO `property_accountability` VALUES ('CLN0291A', '246', '1', '15', '1', null);
INSERT INTO `property_accountability` VALUES ('CLN0291A', '247', '1', '15', '1', null);
INSERT INTO `property_accountability` VALUES ('CLN0291A', '248', '1', '15', '1', null);
INSERT INTO `property_accountability` VALUES ('CLN0291A', '249', '1', '16', '1', null);
INSERT INTO `property_accountability` VALUES ('CLN0291A', '250', '1', '16', '1', null);
INSERT INTO `property_accountability` VALUES ('CLN0291A', '251', '1', '16', '1', null);
INSERT INTO `property_accountability` VALUES ('CLN0291A', '252', '1', '16', '1', null);
INSERT INTO `property_accountability` VALUES ('CLN0291A', '253', '1', '16', '1', null);
INSERT INTO `property_accountability` VALUES ('CLN0291A', '255', '1', '16', '1', null);
INSERT INTO `property_accountability` VALUES ('CLN0291A', '256', '1', '16', '1', null);
INSERT INTO `property_accountability` VALUES ('CLN0291A', '257', '1', '16', '1', null);
INSERT INTO `property_accountability` VALUES ('CLN0291A', '258', '1', '16', '1', null);
INSERT INTO `property_accountability` VALUES ('CLN0291A', '259', '1', '16', '1', null);
INSERT INTO `property_accountability` VALUES ('CLN0291A', '260', '1', '16', '1', null);
INSERT INTO `property_accountability` VALUES ('CLN0291A', '261', '1', '16', '1', null);
INSERT INTO `property_accountability` VALUES ('CLN0291A', '262', '1', '16', '1', null);
INSERT INTO `property_accountability` VALUES ('CLN0291A', '263', '1', '16', '1', null);
INSERT INTO `property_accountability` VALUES ('CLN0291A', '264', '1', '16', '1', null);
INSERT INTO `property_accountability` VALUES ('CLN0291A', '265', '1', '16', '1', null);
INSERT INTO `property_accountability` VALUES ('CLN0291A', '266', '1', '16', '1', null);
INSERT INTO `property_accountability` VALUES ('CLN0291A', '267', '1', '16', '1', null);
INSERT INTO `property_accountability` VALUES ('CLN0291A', '268', '1', '16', '1', null);
INSERT INTO `property_accountability` VALUES ('CLN0291A', '269', '1', '16', '1', null);
INSERT INTO `property_accountability` VALUES ('CLN0291A', '270', '1', '16', '1', null);
INSERT INTO `property_accountability` VALUES ('CLN0291A', '271', '1', '16', '1', null);
INSERT INTO `property_accountability` VALUES ('CLN0291A', '272', '1', '16', '1', null);
INSERT INTO `property_accountability` VALUES ('CLN0291A', '273', '1', '16', '1', null);
INSERT INTO `property_accountability` VALUES ('CLN0291A', '274', '1', '16', '1', null);
INSERT INTO `property_accountability` VALUES ('CLN0291A', '275', '1', '16', '1', null);
INSERT INTO `property_accountability` VALUES ('CLN0291A', '276', '1', '16', '1', null);
INSERT INTO `property_accountability` VALUES ('CLN0291A', '277', '1', '16', '1', null);
INSERT INTO `property_accountability` VALUES ('CLN0291A', '278', '1', '16', '1', null);
INSERT INTO `property_accountability` VALUES ('CLN0291A', '279', '1', '16', '1', null);
INSERT INTO `property_accountability` VALUES ('CLN0291A', '280', '1', '16', '1', null);
INSERT INTO `property_accountability` VALUES ('CLN0291A', '281', '1', '16', '1', null);
INSERT INTO `property_accountability` VALUES ('CLN0291A', '282', '1', '16', '1', null);
INSERT INTO `property_accountability` VALUES ('CLN0291A', '283', '1', '16', '1', null);
INSERT INTO `property_accountability` VALUES ('CLN0291A', '284', '1', '16', '1', null);
INSERT INTO `property_accountability` VALUES ('CLN0291A', '285', '1', '16', '1', null);
INSERT INTO `property_accountability` VALUES ('CLN0291A', '286', '1', '16', '1', null);
INSERT INTO `property_accountability` VALUES ('CLN0291A', '287', '1', '16', '1', null);
INSERT INTO `property_accountability` VALUES ('CLN0291A', '288', '1', '16', '1', null);
INSERT INTO `property_accountability` VALUES ('CLN0291A', '289', '1', '16', '1', null);
INSERT INTO `property_accountability` VALUES ('CLN0291A', '290', '1', '16', '1', null);
INSERT INTO `property_accountability` VALUES ('CLN0291A', '291', '1', '16', '1', null);
INSERT INTO `property_accountability` VALUES ('CLN0291A', '292', '1', '16', '1', null);
INSERT INTO `property_accountability` VALUES ('CLN0291A', '293', '1', '16', '1', null);
INSERT INTO `property_accountability` VALUES ('CLN0291A', '294', '1', '16', '1', null);
INSERT INTO `property_accountability` VALUES ('CLN0291A', '295', '1', '16', '1', null);
INSERT INTO `property_accountability` VALUES ('CLN0291A', '296', '1', '16', '1', null);
INSERT INTO `property_accountability` VALUES ('CLN0291A', '297', '1', '16', '1', null);
INSERT INTO `property_accountability` VALUES ('CLN0291A', '298', '1', '16', '1', null);
INSERT INTO `property_accountability` VALUES ('CLN0291A', '299', '1', '16', '1', null);
INSERT INTO `property_accountability` VALUES ('CLN0291A', '300', '1', '16', '1', null);
INSERT INTO `property_accountability` VALUES ('CLN0291A', '301', '1', '16', '1', null);
INSERT INTO `property_accountability` VALUES ('CLN0291A', '302', '1', '16', '1', null);
INSERT INTO `property_accountability` VALUES ('CLN0291A', '303', '1', '16', '1', null);
INSERT INTO `property_accountability` VALUES ('CLN0291A', '304', '1', '16', '1', null);
INSERT INTO `property_accountability` VALUES ('CLN0291A', '305', '1', '16', '1', null);
INSERT INTO `property_accountability` VALUES ('CLN0291A', '306', '1', '16', '1', null);
INSERT INTO `property_accountability` VALUES ('CLN0291A', '307', '1', '16', '1', null);
INSERT INTO `property_accountability` VALUES ('CLN0291A', '308', '1', '16', '1', null);
INSERT INTO `property_accountability` VALUES ('CLN0291A', '309', '1', '16', '1', null);
INSERT INTO `property_accountability` VALUES ('CLN0291A', '310', '1', '16', '1', null);
INSERT INTO `property_accountability` VALUES ('CLN0291A', '311', '1', '16', '1', null);
INSERT INTO `property_accountability` VALUES ('CLN0291A', '312', '1', '16', '1', null);
INSERT INTO `property_accountability` VALUES ('CLN0291A', '313', '1', '16', '1', null);
INSERT INTO `property_accountability` VALUES ('CLN0291A', '314', '1', '16', '1', null);
INSERT INTO `property_accountability` VALUES ('CLN0291A', '315', '1', '16', '1', null);
INSERT INTO `property_accountability` VALUES ('CLN0291A', '316', '1', '16', '1', null);
INSERT INTO `property_accountability` VALUES ('CLN0291A', '317', '1', '16', '1', null);
INSERT INTO `property_accountability` VALUES ('CLN0291A', '318', '1', '16', '1', null);
INSERT INTO `property_accountability` VALUES ('CLN0291A', '319', '1', '16', '1', null);
INSERT INTO `property_accountability` VALUES ('CLN0291A', '320', '1', '16', '1', null);
INSERT INTO `property_accountability` VALUES ('CLN0291A', '321', '1', '16', '1', null);
INSERT INTO `property_accountability` VALUES ('CLN0291A', '322', '1', '16', '1', null);
INSERT INTO `property_accountability` VALUES ('CLN0291A', '323', '1', '16', '1', null);
INSERT INTO `property_accountability` VALUES ('CLN0291A', '324', '1', '16', '1', null);
INSERT INTO `property_accountability` VALUES ('CLN0291A', '325', '1', '16', '1', null);
INSERT INTO `property_accountability` VALUES ('CLN0291A', '326', '1', '16', '1', null);
INSERT INTO `property_accountability` VALUES ('CLN0291A', '327', '1', '16', '1', null);
INSERT INTO `property_accountability` VALUES ('CLN0291A', '328', '1', '16', '1', null);
INSERT INTO `property_accountability` VALUES ('CLN0291A', '329', '1', '16', '1', null);
INSERT INTO `property_accountability` VALUES ('CLN0291A', '330', '1', '16', '1', null);
INSERT INTO `property_accountability` VALUES ('CLN0291A', '331', '1', '16', '1', null);
INSERT INTO `property_accountability` VALUES ('CLN0291A', '332', '1', '16', '1', null);
INSERT INTO `property_accountability` VALUES ('CLN0291A', '333', '1', '16', '1', null);
INSERT INTO `property_accountability` VALUES ('CLN0291A', '334', '1', '16', '1', null);
INSERT INTO `property_accountability` VALUES ('CLN0291A', '335', '1', '16', '1', null);
INSERT INTO `property_accountability` VALUES ('CLN0291A', '336', '1', '16', '1', null);
INSERT INTO `property_accountability` VALUES ('CLN0291A', '337', '1', '16', '1', null);
INSERT INTO `property_accountability` VALUES ('CLN0291A', '338', '1', '16', '1', null);
INSERT INTO `property_accountability` VALUES ('CLN0291A', '339', '1', '16', '1', null);
INSERT INTO `property_accountability` VALUES ('CLN0291A', '340', '1', '16', '1', null);
INSERT INTO `property_accountability` VALUES ('CLN0291A', '341', '1', '16', '1', null);
INSERT INTO `property_accountability` VALUES ('CLN0291A', '342', '1', '16', '1', null);
INSERT INTO `property_accountability` VALUES ('CLN0291A', '343', '1', '16', '1', null);
INSERT INTO `property_accountability` VALUES ('CLN0291A', '344', '1', '60', '1', null);
INSERT INTO `property_accountability` VALUES ('CLN0291A', '345', '1', '60', '1', null);
INSERT INTO `property_accountability` VALUES ('CLN0291A', '346', '1', '60', '1', null);
INSERT INTO `property_accountability` VALUES ('CLN0291A', '347', '1', '60', '1', null);
INSERT INTO `property_accountability` VALUES ('CLN0291A', '349', '1', '60', '1', null);
INSERT INTO `property_accountability` VALUES ('CLN0291A', '350', '1', '60', '1', null);
INSERT INTO `property_accountability` VALUES ('CLN0291A', '351', '1', '60', '1', null);
INSERT INTO `property_accountability` VALUES ('CLN0291A', '352', '1', '60', '1', null);
INSERT INTO `property_accountability` VALUES ('CLN0291A', '353', '1', '60', '1', null);
INSERT INTO `property_accountability` VALUES ('CLN0291A', '354', '1', '60', '1', null);
INSERT INTO `property_accountability` VALUES ('CLN0291A', '355', '1', '60', '1', null);
INSERT INTO `property_accountability` VALUES ('CLN0291A', '356', '1', '60', '1', null);
INSERT INTO `property_accountability` VALUES ('CLN0291A', '357', '1', '60', '1', null);
INSERT INTO `property_accountability` VALUES ('CLN0291A', '358', '1', '60', '1', null);
INSERT INTO `property_accountability` VALUES ('CLN0291A', '359', '1', '60', '1', null);
INSERT INTO `property_accountability` VALUES ('CLN0291A', '360', '1', '60', '1', null);
INSERT INTO `property_accountability` VALUES ('CLN0291A', '361', '1', '60', '1', null);
INSERT INTO `property_accountability` VALUES ('CLN0291A', '362', '1', '60', '1', null);
INSERT INTO `property_accountability` VALUES ('CLN0291A', '363', '1', '60', '1', null);
INSERT INTO `property_accountability` VALUES ('CLN0291A', '364', '1', '60', '1', null);
INSERT INTO `property_accountability` VALUES ('CLN0291A', '365', '1', '60', '1', null);
INSERT INTO `property_accountability` VALUES ('CLN0291A', '366', '1', '60', '1', null);
INSERT INTO `property_accountability` VALUES ('CLN0291A', '367', '1', '60', '1', null);
INSERT INTO `property_accountability` VALUES ('CLN0291A', '368', '1', '60', '1', null);
INSERT INTO `property_accountability` VALUES ('CLN0291A', '369', '1', '60', '1', null);
INSERT INTO `property_accountability` VALUES ('CLN0291A', '370', '1', '60', '1', null);
INSERT INTO `property_accountability` VALUES ('CLN0291A', '371', '1', '60', '1', null);
INSERT INTO `property_accountability` VALUES ('CLN0291A', '372', '1', '60', '1', null);
INSERT INTO `property_accountability` VALUES ('CLN0291A', '373', '1', '60', '1', null);
INSERT INTO `property_accountability` VALUES ('CLN0291A', '374', '1', '60', '1', null);
INSERT INTO `property_accountability` VALUES ('CLN0291A', '375', '1', '60', '1', null);
INSERT INTO `property_accountability` VALUES ('CLN0291A', '376', '1', '60', '1', null);
INSERT INTO `property_accountability` VALUES ('CLN0291A', '377', '1', '60', '1', null);
INSERT INTO `property_accountability` VALUES ('CLN0291A', '378', '1', '60', '1', null);
INSERT INTO `property_accountability` VALUES ('CLN0291A', '379', '1', '60', '1', null);
INSERT INTO `property_accountability` VALUES ('CLN0291A', '380', '1', '60', '1', null);
INSERT INTO `property_accountability` VALUES ('CLN0291A', '381', '1', '60', '1', null);
INSERT INTO `property_accountability` VALUES ('CLN0291A', '382', '1', '60', '1', null);
INSERT INTO `property_accountability` VALUES ('CLN0291A', '383', '1', '60', '1', null);
INSERT INTO `property_accountability` VALUES ('CLN0291A', '384', '1', '60', '1', null);
INSERT INTO `property_accountability` VALUES ('CLN0291A', '385', '1', '60', '1', null);
INSERT INTO `property_accountability` VALUES ('CLN0291A', '386', '1', '60', '1', null);
INSERT INTO `property_accountability` VALUES ('CLN0291A', '387', '1', '60', '1', null);
INSERT INTO `property_accountability` VALUES ('CLN0291A', '388', '1', '60', '1', null);
INSERT INTO `property_accountability` VALUES ('CLN0291A', '389', '1', '60', '1', null);
INSERT INTO `property_accountability` VALUES ('CLN0291A', '390', '1', '60', '1', null);
INSERT INTO `property_accountability` VALUES ('CLN0291A', '391', '1', '60', '1', null);
INSERT INTO `property_accountability` VALUES ('CLN0291A', '392', '1', '60', '1', null);
INSERT INTO `property_accountability` VALUES ('CLN0291A', '393', '1', '61', '1', null);
INSERT INTO `property_accountability` VALUES ('CLN0291A', '394', '1', '61', '1', null);
INSERT INTO `property_accountability` VALUES ('CLN0291A', '396', '1', '61', '1', null);
INSERT INTO `property_accountability` VALUES ('CLN0291A', '397', '1', '61', '1', null);
INSERT INTO `property_accountability` VALUES ('CLN0291A', '398', '1', '61', '1', null);
INSERT INTO `property_accountability` VALUES ('CLN0291A', '399', '1', '61', '1', null);
INSERT INTO `property_accountability` VALUES ('CLN0291A', '400', '1', '61', '1', null);
INSERT INTO `property_accountability` VALUES ('CLN0291A', '401', '1', '61', '1', null);
INSERT INTO `property_accountability` VALUES ('CLN0291A', '402', '1', '61', '1', null);
INSERT INTO `property_accountability` VALUES ('CLN0291A', '403', '1', '61', '1', null);
INSERT INTO `property_accountability` VALUES ('CLN0291A', '404', '1', '61', '1', null);
INSERT INTO `property_accountability` VALUES ('CLN0291A', '405', '1', '61', '1', null);
INSERT INTO `property_accountability` VALUES ('CLN0291A', '406', '1', '61', '1', null);
INSERT INTO `property_accountability` VALUES ('CLN0291A', '407', '1', '61', '1', null);
INSERT INTO `property_accountability` VALUES ('CLN0291A', '408', '1', '61', '1', null);
INSERT INTO `property_accountability` VALUES ('CLN0291A', '409', '1', '61', '1', null);
INSERT INTO `property_accountability` VALUES ('CLN0291A', '410', '1', '61', '1', null);
INSERT INTO `property_accountability` VALUES ('CLN0291A', '411', '1', '61', '1', null);
INSERT INTO `property_accountability` VALUES ('CLN0291A', '412', '1', '61', '1', null);
INSERT INTO `property_accountability` VALUES ('CLN0291A', '413', '1', '61', '1', null);
INSERT INTO `property_accountability` VALUES ('CLN0291A', '414', '1', '61', '1', null);
INSERT INTO `property_accountability` VALUES ('CLN0291A', '415', '1', '61', '1', null);
INSERT INTO `property_accountability` VALUES ('CLN0291A', '416', '1', '61', '1', null);
INSERT INTO `property_accountability` VALUES ('CLN0291A', '417', '1', '61', '1', null);
INSERT INTO `property_accountability` VALUES ('CLN0291A', '418', '1', '61', '1', null);
INSERT INTO `property_accountability` VALUES ('CLN0291A', '419', '1', '61', '1', null);
INSERT INTO `property_accountability` VALUES ('CLN0291A', '420', '1', '61', '1', null);
INSERT INTO `property_accountability` VALUES ('CLN0291A', '421', '1', '61', '1', null);
INSERT INTO `property_accountability` VALUES ('CLN0291A', '422', '1', '61', '1', null);
INSERT INTO `property_accountability` VALUES ('CLN0291A', '423', '1', '61', '1', null);
INSERT INTO `property_accountability` VALUES ('CLN0291A', '424', '1', '61', '1', null);
INSERT INTO `property_accountability` VALUES ('CLN0291A', '425', '1', '61', '1', null);
INSERT INTO `property_accountability` VALUES ('CLN0291A', '426', '1', '61', '1', null);
INSERT INTO `property_accountability` VALUES ('CLN0291A', '427', '1', '61', '1', null);
INSERT INTO `property_accountability` VALUES ('CLN0291A', '428', '1', '61', '1', null);
INSERT INTO `property_accountability` VALUES ('CLN0291A', '429', '1', '61', '1', null);
INSERT INTO `property_accountability` VALUES ('CLN0291A', '430', '1', '61', '1', null);
INSERT INTO `property_accountability` VALUES ('CLN0291A', '431', '1', '61', '1', null);
INSERT INTO `property_accountability` VALUES ('CLN0291A', '432', '1', '61', '1', null);
INSERT INTO `property_accountability` VALUES ('CLN0291A', '433', '1', '61', '1', null);
INSERT INTO `property_accountability` VALUES ('CLN0291A', '434', '1', '61', '1', null);
INSERT INTO `property_accountability` VALUES ('CLN0291A', '435', '1', '61', '1', null);
INSERT INTO `property_accountability` VALUES ('CLN0291A', '436', '1', '61', '1', null);
INSERT INTO `property_accountability` VALUES ('CLN0291A', '437', '1', '61', '1', null);
INSERT INTO `property_accountability` VALUES ('CLN0291A', '438', '1', '61', '1', null);
INSERT INTO `property_accountability` VALUES ('CLN0291A', '443', '1', '63', '1', null);
INSERT INTO `property_accountability` VALUES ('CLN0291A', '444', '1', '63', '1', null);
INSERT INTO `property_accountability` VALUES ('CLN0291A', '445', '1', '63', '1', null);
INSERT INTO `property_accountability` VALUES ('CLN0291A', '446', '1', '63', '1', null);
INSERT INTO `property_accountability` VALUES ('CLN0291A', '448', '1', '63', '1', null);
INSERT INTO `property_accountability` VALUES ('CLN0291A', '449', '1', '63', '1', null);
INSERT INTO `property_accountability` VALUES ('CLN0291A', '450', '1', '63', '1', null);
INSERT INTO `property_accountability` VALUES ('CLN0291A', '451', '1', '63', '1', null);
INSERT INTO `property_accountability` VALUES ('CLN0291A', '452', '1', '63', '1', null);
INSERT INTO `property_accountability` VALUES ('CLN0291A', '453', '1', '63', '1', null);
INSERT INTO `property_accountability` VALUES ('CLN0291A', '454', '1', '63', '1', null);
INSERT INTO `property_accountability` VALUES ('CLN0291A', '455', '1', '63', '1', null);
INSERT INTO `property_accountability` VALUES ('CLN0291A', '456', '1', '63', '1', null);
INSERT INTO `property_accountability` VALUES ('CLN0291A', '457', '1', '63', '1', null);
INSERT INTO `property_accountability` VALUES ('CLN0291A', '458', '1', '63', '1', null);
INSERT INTO `property_accountability` VALUES ('CLN0291A', '459', '1', '63', '1', null);
INSERT INTO `property_accountability` VALUES ('CLN0291A', '460', '1', '63', '1', null);
INSERT INTO `property_accountability` VALUES ('CLN0291A', '461', '1', '63', '1', null);
INSERT INTO `property_accountability` VALUES ('CLN0291A', '462', '1', '63', '1', null);
INSERT INTO `property_accountability` VALUES ('CLN0291A', '463', '1', '63', '1', null);
INSERT INTO `property_accountability` VALUES ('CLN0291A', '464', '1', '63', '1', null);
INSERT INTO `property_accountability` VALUES ('CLN0291A', '465', '1', '63', '1', null);
INSERT INTO `property_accountability` VALUES ('CLN0291A', '466', '1', '63', '1', null);
INSERT INTO `property_accountability` VALUES ('CLN0291A', '467', '1', '63', '1', null);
INSERT INTO `property_accountability` VALUES ('CLN0291A', '468', '1', '63', '1', null);
INSERT INTO `property_accountability` VALUES ('CLN0291A', '469', '1', '63', '1', null);
INSERT INTO `property_accountability` VALUES ('CLN0291A', '470', '1', '63', '1', null);
INSERT INTO `property_accountability` VALUES ('CLN0291A', '471', '1', '63', '1', null);
INSERT INTO `property_accountability` VALUES ('CLN0291A', '472', '1', '63', '1', null);
INSERT INTO `property_accountability` VALUES ('CLN0291A', '473', '1', '63', '1', null);
INSERT INTO `property_accountability` VALUES ('CLN0291A', '474', '1', '63', '1', null);
INSERT INTO `property_accountability` VALUES ('CLN0291A', '475', '1', '63', '1', null);
INSERT INTO `property_accountability` VALUES ('CLN0291A', '476', '1', '63', '1', null);
INSERT INTO `property_accountability` VALUES ('CLN0291A', '477', '1', '63', '1', null);
INSERT INTO `property_accountability` VALUES ('CLN0291A', '478', '1', '64', '1', null);
INSERT INTO `property_accountability` VALUES ('CLN0291A', '479', '1', '64', '1', null);
INSERT INTO `property_accountability` VALUES ('CLN0291A', '480', '1', '64', '1', null);
INSERT INTO `property_accountability` VALUES ('CLN0291A', '481', '1', '64', '1', null);
INSERT INTO `property_accountability` VALUES ('CLN0291A', '483', '1', '64', '1', null);
INSERT INTO `property_accountability` VALUES ('CLN0291A', '484', '1', '64', '1', null);
INSERT INTO `property_accountability` VALUES ('CLN0291A', '485', '1', '64', '1', null);
INSERT INTO `property_accountability` VALUES ('CLN0291A', '486', '1', '64', '1', null);
INSERT INTO `property_accountability` VALUES ('CLN0291A', '487', '1', '64', '1', null);
INSERT INTO `property_accountability` VALUES ('CLN0291A', '488', '1', '64', '1', null);
INSERT INTO `property_accountability` VALUES ('CLN0291A', '489', '1', '64', '1', null);
INSERT INTO `property_accountability` VALUES ('CLN0291A', '490', '1', '64', '1', null);
INSERT INTO `property_accountability` VALUES ('CLN0291A', '491', '1', '64', '1', null);
INSERT INTO `property_accountability` VALUES ('CLN0291A', '492', '1', '64', '1', null);
INSERT INTO `property_accountability` VALUES ('CLN0291A', '493', '1', '64', '1', null);
INSERT INTO `property_accountability` VALUES ('CLN0291A', '494', '1', '64', '1', null);
INSERT INTO `property_accountability` VALUES ('CLN0291A', '495', '1', '64', '1', null);
INSERT INTO `property_accountability` VALUES ('CLN0291A', '496', '1', '64', '1', null);
INSERT INTO `property_accountability` VALUES ('CLN0291A', '497', '1', '64', '1', null);
INSERT INTO `property_accountability` VALUES ('CLN0291A', '498', '1', '64', '1', null);
INSERT INTO `property_accountability` VALUES ('CLN0291A', '499', '1', '64', '1', null);
INSERT INTO `property_accountability` VALUES ('CLN0291A', '500', '1', '64', '1', null);
INSERT INTO `property_accountability` VALUES ('CLN0291A', '501', '1', '64', '1', null);
INSERT INTO `property_accountability` VALUES ('CLN0291A', '502', '1', '64', '1', null);
INSERT INTO `property_accountability` VALUES ('CLN0291A', '503', '1', '64', '1', null);
INSERT INTO `property_accountability` VALUES ('CLN0291A', '504', '1', '64', '1', null);
INSERT INTO `property_accountability` VALUES ('CLN0291A', '505', '1', '64', '1', null);
INSERT INTO `property_accountability` VALUES ('CLN0291A', '506', '1', '64', '1', null);
INSERT INTO `property_accountability` VALUES ('CLN0291A', '507', '1', '64', '1', null);
INSERT INTO `property_accountability` VALUES ('CLN0291A', '508', '1', '64', '1', null);
INSERT INTO `property_accountability` VALUES ('CLN0291A', '509', '1', '64', '1', null);
INSERT INTO `property_accountability` VALUES ('CLN0291A', '510', '1', '64', '1', null);
INSERT INTO `property_accountability` VALUES ('CLN0291A', '511', '1', '64', '1', null);
INSERT INTO `property_accountability` VALUES ('CLN0291A', '512', '1', '64', '1', null);
INSERT INTO `property_accountability` VALUES ('CLN0291A', '513', '1', '64', '1', null);
INSERT INTO `property_accountability` VALUES ('CLN0291A', '514', '1', '64', '1', null);
INSERT INTO `property_accountability` VALUES ('CLN0291A', '515', '1', '64', '1', null);
INSERT INTO `property_accountability` VALUES ('CLN0291A', '516', '1', '64', '1', null);
INSERT INTO `property_accountability` VALUES ('CLN0291A', '517', '1', '64', '1', null);
INSERT INTO `property_accountability` VALUES ('CLN0291A', '518', '1', '64', '1', null);
INSERT INTO `property_accountability` VALUES ('CLN0291A', '519', '1', '64', '1', null);
INSERT INTO `property_accountability` VALUES ('CLN0291A', '520', '1', '64', '1', null);
INSERT INTO `property_accountability` VALUES ('CLN0291A', '521', '1', '64', '1', null);
INSERT INTO `property_accountability` VALUES ('CLN0291A', '522', '1', '64', '1', null);
INSERT INTO `property_accountability` VALUES ('CLN0291A', '523', '1', '64', '1', null);
INSERT INTO `property_accountability` VALUES ('CLN0291A', '524', '1', '64', '1', null);
INSERT INTO `property_accountability` VALUES ('CLN0291A', '525', '1', '64', '1', null);
INSERT INTO `property_accountability` VALUES ('CLN0291A', '526', '1', '64', '1', null);
INSERT INTO `property_accountability` VALUES ('CLN0291A', '527', '1', '65', '1', null);
INSERT INTO `property_accountability` VALUES ('CLN0291A', '528', '1', '65', '1', null);
INSERT INTO `property_accountability` VALUES ('CLN0291A', '529', '1', '65', '1', null);
INSERT INTO `property_accountability` VALUES ('CLN0291A', '530', '1', '65', '1', null);
INSERT INTO `property_accountability` VALUES ('CLN0291A', '532', '1', '65', '1', null);
INSERT INTO `property_accountability` VALUES ('CLN0291A', '533', '1', '65', '1', null);
INSERT INTO `property_accountability` VALUES ('CLN0291A', '534', '1', '65', '1', null);
INSERT INTO `property_accountability` VALUES ('CLN0291A', '535', '1', '65', '1', null);
INSERT INTO `property_accountability` VALUES ('CLN0291A', '536', '1', '65', '1', null);
INSERT INTO `property_accountability` VALUES ('CLN0291A', '537', '1', '65', '1', null);
INSERT INTO `property_accountability` VALUES ('CLN0291A', '538', '1', '65', '1', null);
INSERT INTO `property_accountability` VALUES ('CLN0291A', '539', '1', '65', '1', null);
INSERT INTO `property_accountability` VALUES ('CLN0291A', '540', '1', '65', '1', null);
INSERT INTO `property_accountability` VALUES ('CLN0291A', '541', '1', '65', '1', null);
INSERT INTO `property_accountability` VALUES ('CLN0291A', '542', '1', '65', '1', null);
INSERT INTO `property_accountability` VALUES ('CLN0291A', '543', '1', '65', '1', null);
INSERT INTO `property_accountability` VALUES ('CLN0291A', '544', '1', '65', '1', null);
INSERT INTO `property_accountability` VALUES ('CLN0291A', '545', '1', '65', '1', null);
INSERT INTO `property_accountability` VALUES ('CLN0291A', '546', '1', '65', '1', null);
INSERT INTO `property_accountability` VALUES ('CLN0291A', '547', '1', '65', '1', null);
INSERT INTO `property_accountability` VALUES ('CLN0291A', '548', '1', '65', '1', null);
INSERT INTO `property_accountability` VALUES ('CLN0291A', '549', '1', '65', '1', null);
INSERT INTO `property_accountability` VALUES ('CLN0291A', '550', '1', '65', '1', null);
INSERT INTO `property_accountability` VALUES ('CLN0291A', '551', '1', '65', '1', null);
INSERT INTO `property_accountability` VALUES ('CLN0291A', '552', '1', '65', '1', null);
INSERT INTO `property_accountability` VALUES ('CLN0291A', '553', '1', '65', '1', null);
INSERT INTO `property_accountability` VALUES ('CLN0291A', '554', '1', '65', '1', null);
INSERT INTO `property_accountability` VALUES ('CLN0291A', '555', '1', '65', '1', null);
INSERT INTO `property_accountability` VALUES ('CLN0291A', '556', '1', '65', '1', null);
INSERT INTO `property_accountability` VALUES ('CLN0291A', '557', '1', '65', '1', null);
INSERT INTO `property_accountability` VALUES ('CLN0291A', '558', '1', '65', '1', null);
INSERT INTO `property_accountability` VALUES ('CLN0291A', '559', '1', '65', '1', null);
INSERT INTO `property_accountability` VALUES ('CLN0291A', '560', '1', '65', '1', null);
INSERT INTO `property_accountability` VALUES ('CLN0291A', '561', '1', '65', '1', null);
INSERT INTO `property_accountability` VALUES ('CLN0291A', '562', '1', '66', '1', null);
INSERT INTO `property_accountability` VALUES ('CLN0291A', '563', '1', '66', '1', null);
INSERT INTO `property_accountability` VALUES ('CLN0291A', '564', '1', '66', '1', null);
INSERT INTO `property_accountability` VALUES ('CLN0291A', '565', '1', '66', '1', null);
INSERT INTO `property_accountability` VALUES ('CLN0291A', '567', '1', '66', '1', null);
INSERT INTO `property_accountability` VALUES ('CLN0291A', '568', '1', '66', '1', null);
INSERT INTO `property_accountability` VALUES ('CLN0291A', '569', '1', '66', '1', null);
INSERT INTO `property_accountability` VALUES ('CLN0291A', '570', '1', '66', '1', null);
INSERT INTO `property_accountability` VALUES ('CLN0291A', '571', '1', '66', '1', null);
INSERT INTO `property_accountability` VALUES ('CLN0291A', '572', '1', '66', '1', null);
INSERT INTO `property_accountability` VALUES ('CLN0291A', '573', '1', '66', '1', null);
INSERT INTO `property_accountability` VALUES ('CLN0291A', '574', '1', '66', '1', null);
INSERT INTO `property_accountability` VALUES ('CLN0291A', '575', '1', '66', '1', null);
INSERT INTO `property_accountability` VALUES ('CLN0291A', '576', '1', '66', '1', null);
INSERT INTO `property_accountability` VALUES ('CLN0291A', '577', '1', '66', '1', null);
INSERT INTO `property_accountability` VALUES ('CLN0291A', '578', '1', '66', '1', null);
INSERT INTO `property_accountability` VALUES ('CLN0291A', '579', '1', '66', '1', null);
INSERT INTO `property_accountability` VALUES ('CLN0291A', '580', '1', '66', '1', null);
INSERT INTO `property_accountability` VALUES ('CLN0291A', '581', '1', '67', '1', null);
INSERT INTO `property_accountability` VALUES ('CLN0291A', '582', '1', '67', '1', null);
INSERT INTO `property_accountability` VALUES ('CLN0291A', '583', '1', '67', '1', null);
INSERT INTO `property_accountability` VALUES ('CLN0291A', '584', '1', '67', '1', null);
INSERT INTO `property_accountability` VALUES ('CLN0291A', '586', '1', '67', '1', null);
INSERT INTO `property_accountability` VALUES ('CLN0291A', '587', '1', '67', '1', null);
INSERT INTO `property_accountability` VALUES ('CLN0291A', '588', '1', '67', '1', null);
INSERT INTO `property_accountability` VALUES ('CLN0291A', '589', '1', '67', '1', null);
INSERT INTO `property_accountability` VALUES ('CLN0291A', '590', '1', '67', '1', null);
INSERT INTO `property_accountability` VALUES ('CLN0291A', '591', '1', '68', '1', null);
INSERT INTO `property_accountability` VALUES ('CLN0291A', '592', '1', '68', '1', null);
INSERT INTO `property_accountability` VALUES ('CLN0291A', '593', '1', '68', '1', null);
INSERT INTO `property_accountability` VALUES ('CLN0291A', '594', '1', '68', '1', null);
INSERT INTO `property_accountability` VALUES ('CLN0291A', '596', '1', '68', '1', null);
INSERT INTO `property_accountability` VALUES ('CLN0291A', '597', '1', '68', '1', null);
INSERT INTO `property_accountability` VALUES ('CLN0291A', '598', '1', '68', '1', null);
INSERT INTO `property_accountability` VALUES ('CLN0291A', '599', '1', '68', '1', null);
INSERT INTO `property_accountability` VALUES ('CLN0291A', '600', '1', '68', '1', null);
INSERT INTO `property_accountability` VALUES ('CLN0291A', '601', '1', '68', '1', null);
INSERT INTO `property_accountability` VALUES ('CLN0291A', '602', '1', '68', '1', null);
INSERT INTO `property_accountability` VALUES ('CLN0291A', '603', '1', '68', '1', null);
INSERT INTO `property_accountability` VALUES ('CLN0291A', '604', '1', '68', '1', null);
INSERT INTO `property_accountability` VALUES ('CLN0291A', '605', '1', '68', '1', null);
INSERT INTO `property_accountability` VALUES ('CLN0291A', '606', '1', '68', '1', null);
INSERT INTO `property_accountability` VALUES ('CLN0291A', '607', '1', '68', '1', null);
INSERT INTO `property_accountability` VALUES ('CLN0291A', '608', '1', '68', '1', null);
INSERT INTO `property_accountability` VALUES ('CLN0291A', '609', '1', '68', '1', null);
INSERT INTO `property_accountability` VALUES ('CLN0291A', '610', '1', '68', '1', null);
INSERT INTO `property_accountability` VALUES ('CLN0291A', '611', '1', '68', '1', null);
INSERT INTO `property_accountability` VALUES ('CLN0291A', '612', '1', '68', '1', null);
INSERT INTO `property_accountability` VALUES ('CLN0291A', '613', '1', '68', '1', null);
INSERT INTO `property_accountability` VALUES ('CLN0291A', '614', '1', '68', '1', null);
INSERT INTO `property_accountability` VALUES ('CLN0291A', '615', '1', '68', '1', null);
INSERT INTO `property_accountability` VALUES ('CLN0291A', '616', '1', '68', '1', null);
INSERT INTO `property_accountability` VALUES ('CLN0291A', '617', '1', '68', '1', null);
INSERT INTO `property_accountability` VALUES ('CLN0291A', '618', '1', '68', '1', null);
INSERT INTO `property_accountability` VALUES ('CLN0291A', '619', '1', '68', '1', null);
INSERT INTO `property_accountability` VALUES ('CLN0291A', '620', '1', '68', '1', null);
INSERT INTO `property_accountability` VALUES ('CLN0291A', '621', '1', '68', '1', null);
INSERT INTO `property_accountability` VALUES ('CLN0291A', '622', '1', '68', '1', null);
INSERT INTO `property_accountability` VALUES ('CLN0291A', '623', '1', '68', '1', null);
INSERT INTO `property_accountability` VALUES ('CLN0291A', '624', '1', '68', '1', null);
INSERT INTO `property_accountability` VALUES ('CLN0291A', '625', '1', '68', '1', null);
INSERT INTO `property_accountability` VALUES ('CLN0291A', '626', '1', '68', '1', null);
INSERT INTO `property_accountability` VALUES ('CLN0291A', '627', '1', '68', '1', null);
INSERT INTO `property_accountability` VALUES ('CLN0291A', '628', '1', '68', '1', null);
INSERT INTO `property_accountability` VALUES ('CLN0291A', '629', '1', '68', '1', null);
INSERT INTO `property_accountability` VALUES ('CLN0291A', '630', '1', '68', '1', null);
INSERT INTO `property_accountability` VALUES ('CLN0291A', '631', '1', '68', '1', null);
INSERT INTO `property_accountability` VALUES ('CLN0291A', '632', '1', '68', '1', null);
INSERT INTO `property_accountability` VALUES ('CLN0291A', '633', '1', '68', '1', null);
INSERT INTO `property_accountability` VALUES ('CLN0291A', '634', '1', '68', '1', null);
INSERT INTO `property_accountability` VALUES ('CLN0291A', '635', '1', '68', '1', null);
INSERT INTO `property_accountability` VALUES ('CLN0291A', '636', '1', '68', '1', null);
INSERT INTO `property_accountability` VALUES ('CLN0291A', '637', '1', '68', '1', null);
INSERT INTO `property_accountability` VALUES ('CLN0291A', '638', '1', '68', '1', null);
INSERT INTO `property_accountability` VALUES ('CLN0291A', '639', '1', '68', '1', null);
INSERT INTO `property_accountability` VALUES ('CLN0291A', '640', '1', '68', '1', null);
INSERT INTO `property_accountability` VALUES ('CLN0291A', '641', '1', '68', '1', null);
INSERT INTO `property_accountability` VALUES ('CLN0291A', '642', '1', '68', '1', null);
INSERT INTO `property_accountability` VALUES ('CLN0291A', '643', '1', '68', '1', null);
INSERT INTO `property_accountability` VALUES ('CLN0291A', '644', '1', '68', '1', null);
INSERT INTO `property_accountability` VALUES ('CLN0291A', '645', '1', '68', '1', null);
INSERT INTO `property_accountability` VALUES ('CLN0291A', '646', '1', '68', '1', null);
INSERT INTO `property_accountability` VALUES ('CLN0291A', '647', '1', '68', '1', null);
INSERT INTO `property_accountability` VALUES ('CLN0291A', '648', '1', '68', '1', null);
INSERT INTO `property_accountability` VALUES ('CLN0291A', '649', '1', '68', '1', null);
INSERT INTO `property_accountability` VALUES ('CLN0291A', '650', '1', '68', '1', null);
INSERT INTO `property_accountability` VALUES ('CLN0291A', '651', '1', '68', '1', null);
INSERT INTO `property_accountability` VALUES ('CLN0291A', '652', '1', '68', '1', null);
INSERT INTO `property_accountability` VALUES ('CLN0291A', '653', '1', '68', '1', null);
INSERT INTO `property_accountability` VALUES ('CLN0291A', '654', '1', '68', '1', null);
INSERT INTO `property_accountability` VALUES ('CLN0291A', '655', '1', '68', '1', null);
INSERT INTO `property_accountability` VALUES ('CLN0291A', '656', '1', '68', '1', null);
INSERT INTO `property_accountability` VALUES ('CLN0291A', '657', '1', '68', '1', null);
INSERT INTO `property_accountability` VALUES ('CLN0291A', '658', '1', '68', '1', null);
INSERT INTO `property_accountability` VALUES ('CLN0291A', '659', '1', '68', '1', null);
INSERT INTO `property_accountability` VALUES ('CLN0291A', '660', '1', '68', '1', null);
INSERT INTO `property_accountability` VALUES ('CLN0291A', '661', '1', '68', '1', null);
INSERT INTO `property_accountability` VALUES ('CLN0291A', '662', '1', '68', '1', null);
INSERT INTO `property_accountability` VALUES ('CLN0291A', '663', '1', '68', '1', null);
INSERT INTO `property_accountability` VALUES ('CLN0291A', '664', '1', '68', '1', null);
INSERT INTO `property_accountability` VALUES ('CLN0291A', '665', '1', '68', '1', null);
INSERT INTO `property_accountability` VALUES ('CLN0291A', '666', '1', '68', '1', null);
INSERT INTO `property_accountability` VALUES ('CLN0291A', '667', '1', '68', '1', null);
INSERT INTO `property_accountability` VALUES ('CLN0291A', '668', '1', '68', '1', null);
INSERT INTO `property_accountability` VALUES ('CLN0291A', '669', '1', '68', '1', null);
INSERT INTO `property_accountability` VALUES ('CLN0291A', '670', '1', '68', '1', null);
INSERT INTO `property_accountability` VALUES ('CLN0291A', '671', '1', '68', '1', null);
INSERT INTO `property_accountability` VALUES ('CLN0291A', '672', '1', '68', '1', null);
INSERT INTO `property_accountability` VALUES ('CLN0291A', '673', '1', '68', '1', null);
INSERT INTO `property_accountability` VALUES ('CLN0291A', '674', '1', '68', '1', null);
INSERT INTO `property_accountability` VALUES ('CLN0291A', '675', '1', '68', '1', null);
INSERT INTO `property_accountability` VALUES ('CLN0291A', '676', '1', '68', '1', null);
INSERT INTO `property_accountability` VALUES ('CLN0291A', '677', '1', '68', '1', null);
INSERT INTO `property_accountability` VALUES ('CLN0291A', '678', '1', '71', '1', null);
INSERT INTO `property_accountability` VALUES ('CLN0291A', '679', '1', '72', '1', null);
INSERT INTO `property_accountability` VALUES ('CLN0291A', '682', '1', '72', '1', null);
INSERT INTO `property_accountability` VALUES ('CLN0291A', '683', '1', '59', '1', null);
INSERT INTO `property_accountability` VALUES ('CLN0291A', '684', '1', '59', '1', null);
INSERT INTO `property_accountability` VALUES ('CLN0291A', '685', '1', '59', '1', null);
INSERT INTO `property_accountability` VALUES ('CLN0291A', '686', '1', '59', '1', null);
INSERT INTO `property_accountability` VALUES ('CLN0291A', '687', '1', '59', '1', null);
INSERT INTO `property_accountability` VALUES ('CLN0291A', '688', '1', '59', '1', null);
INSERT INTO `property_accountability` VALUES ('CLN0291A', '689', '1', '59', '1', null);
INSERT INTO `property_accountability` VALUES ('CLN0291A', '690', '1', '59', '1', null);
INSERT INTO `property_accountability` VALUES ('CLN0291A', '691', '1', '59', '1', null);
INSERT INTO `property_accountability` VALUES ('CLN0291A', '692', '1', '59', '1', null);
INSERT INTO `property_accountability` VALUES ('CLN0291A', '693', '1', '59', '1', null);
INSERT INTO `property_accountability` VALUES ('CLN0291A', '694', '1', '59', '1', null);
INSERT INTO `property_accountability` VALUES ('CLN0291A', '695', '1', '59', '1', null);
INSERT INTO `property_accountability` VALUES ('CLN0291A', '696', '1', '59', '1', null);
INSERT INTO `property_accountability` VALUES ('CLN0291A', '697', '1', '59', '1', null);
INSERT INTO `property_accountability` VALUES ('CLN0291A', '698', '1', '59', '1', null);
INSERT INTO `property_accountability` VALUES ('CLN0291A', '699', '1', '59', '1', null);
INSERT INTO `property_accountability` VALUES ('CLN0291A', '700', '1', '59', '1', null);
INSERT INTO `property_accountability` VALUES ('CLN0291A', '701', '1', '59', '1', null);
INSERT INTO `property_accountability` VALUES ('CLN0291A', '702', '1', '59', '1', null);
INSERT INTO `property_accountability` VALUES ('CLN0291A', '703', '1', '59', '1', null);
INSERT INTO `property_accountability` VALUES ('CLN0291A', '704', '1', '59', '1', null);
INSERT INTO `property_accountability` VALUES ('CLN0291A', '705', '1', '59', '1', null);
INSERT INTO `property_accountability` VALUES ('CLN0291A', '706', '1', '59', '1', null);
INSERT INTO `property_accountability` VALUES ('CLN0291A', '707', '1', '59', '1', null);
INSERT INTO `property_accountability` VALUES ('CLN0291A', '708', '1', '59', '1', null);
INSERT INTO `property_accountability` VALUES ('CLN0291A', '709', '1', '59', '1', null);
INSERT INTO `property_accountability` VALUES ('CLN0291A', '710', '1', '59', '1', null);
INSERT INTO `property_accountability` VALUES ('CLN0291A', '711', '1', '59', '1', null);
INSERT INTO `property_accountability` VALUES ('CLN0291A', '712', '1', '59', '1', null);
INSERT INTO `property_accountability` VALUES ('CLN0291A', '713', '1', '59', '1', null);
INSERT INTO `property_accountability` VALUES ('CLN0291A', '714', '1', '59', '1', null);
INSERT INTO `property_accountability` VALUES ('CLN0291A', '715', '1', '59', '1', null);
INSERT INTO `property_accountability` VALUES ('CLN0291A', '716', '1', '59', '1', null);
INSERT INTO `property_accountability` VALUES ('CLN0291A', '717', '1', '59', '1', null);
INSERT INTO `property_accountability` VALUES ('CLN0291A', '718', '1', '59', '1', null);
INSERT INTO `property_accountability` VALUES ('CLN0291A', '719', '1', '59', '1', null);
INSERT INTO `property_accountability` VALUES ('CLN0291A', '720', '1', '73', '1', null);
INSERT INTO `property_accountability` VALUES ('CLN0291A', '721', '1', '73', '1', null);
INSERT INTO `property_accountability` VALUES ('CLN0291A', '722', '1', '59', '1', null);
INSERT INTO `property_accountability` VALUES ('CLN0291A', '723', '1', '59', '1', null);
INSERT INTO `property_accountability` VALUES ('CLN0291A', '724', '1', '59', '1', null);
INSERT INTO `property_accountability` VALUES ('CLN0291A', '726', '1', '87', '1', null);
INSERT INTO `property_accountability` VALUES ('CLN0291A', '727', '1', '87', '1', null);
INSERT INTO `property_accountability` VALUES ('CLN0291A', '728', '1', '87', '1', null);
INSERT INTO `property_accountability` VALUES ('CLN0291A', '730', '1', '87', '1', null);
INSERT INTO `property_accountability` VALUES ('CLN0291A', '732', '1', '90', '1', null);
INSERT INTO `property_accountability` VALUES ('CLN0291A', '733', '1', '90', '1', null);
INSERT INTO `property_accountability` VALUES ('CLN0291A', '734', '1', '90', '1', null);
INSERT INTO `property_accountability` VALUES ('CLN0291A', '738', '1', '90', '1', null);
INSERT INTO `property_accountability` VALUES ('CLN0291A', '740', '1', '92', '1', null);
INSERT INTO `property_accountability` VALUES ('CLN0291A', '741', '1', '92', '1', null);
INSERT INTO `property_accountability` VALUES ('CLN0291A', '742', '1', '92', '1', null);
INSERT INTO `property_accountability` VALUES ('CLN0291A', '744', '1', '92', '1', null);
INSERT INTO `property_accountability` VALUES ('CLN0291A', '745', '1', '92', '1', null);
INSERT INTO `property_accountability` VALUES ('CLN0291A', '747', '1', '93', '1', null);
INSERT INTO `property_accountability` VALUES ('CLN0291A', '748', '1', '93', '1', null);
INSERT INTO `property_accountability` VALUES ('CLN0291A', '749', '1', '93', '1', null);
INSERT INTO `property_accountability` VALUES ('CLN0291A', '751', '1', '93', '1', null);
INSERT INTO `property_accountability` VALUES ('CLN0291A', '753', '1', '94', '1', null);
INSERT INTO `property_accountability` VALUES ('CLN0291A', '754', '1', '94', '1', null);
INSERT INTO `property_accountability` VALUES ('CLN0291A', '755', '1', '94', '1', null);
INSERT INTO `property_accountability` VALUES ('CLN0291A', '757', '1', '94', '1', null);
INSERT INTO `property_accountability` VALUES ('CLN0291A', '759', '1', '95', '1', null);
INSERT INTO `property_accountability` VALUES ('CLN0291A', '760', '1', '95', '1', null);
INSERT INTO `property_accountability` VALUES ('CLN0291A', '761', '1', '95', '1', null);
INSERT INTO `property_accountability` VALUES ('CLN0291A', '763', '1', '95', '1', null);
INSERT INTO `property_accountability` VALUES ('CLN0291A', '765', '1', '96', '1', null);
INSERT INTO `property_accountability` VALUES ('CLN0291A', '766', '1', '96', '1', null);
INSERT INTO `property_accountability` VALUES ('CLN0291A', '767', '1', '96', '1', null);
INSERT INTO `property_accountability` VALUES ('CLN0291A', '769', '1', '96', '1', null);
INSERT INTO `property_accountability` VALUES ('CLN0291A', '770', '1', '97', '1', null);
INSERT INTO `property_accountability` VALUES ('CLN0291A', '771', '1', '97', '1', null);
INSERT INTO `property_accountability` VALUES ('CLN0291A', '772', '1', '97', '1', null);
INSERT INTO `property_accountability` VALUES ('CLN0291A', '773', '1', '97', '1', null);
INSERT INTO `property_accountability` VALUES ('CLN0291A', '777', '1', '98', '1', null);
INSERT INTO `property_accountability` VALUES ('CLN0291A', '778', '1', '98', '1', null);
INSERT INTO `property_accountability` VALUES ('CLN0291A', '779', '1', '98', '1', null);
INSERT INTO `property_accountability` VALUES ('CLN0291A', '782', '0', '99', '1', null);
INSERT INTO `property_accountability` VALUES ('CLN0291A', '783', '1', '99', '1', null);
INSERT INTO `property_accountability` VALUES ('CLN0291A', '784', '1', '99', '1', null);
INSERT INTO `property_accountability` VALUES ('CLN0291A', '785', '1', '99', '1', null);

-- ----------------------------
-- Table structure for `sub_property`
-- ----------------------------
DROP TABLE IF EXISTS `sub_property`;
CREATE TABLE `sub_property` (
  `property_id` int(11) NOT NULL,
  `sub_property_id` int(11) NOT NULL,
  PRIMARY KEY (`property_id`,`sub_property_id`)
) ENGINE=InnoDB DEFAULT CHARSET=latin1;

-- ----------------------------
-- Records of sub_property
-- ----------------------------

-- ----------------------------
-- Table structure for `sub_property_history`
-- ----------------------------
DROP TABLE IF EXISTS `sub_property_history`;
CREATE TABLE `sub_property_history` (
  `property_id` int(11) NOT NULL,
  `sub_property_id` int(11) NOT NULL,
  `date` datetime NOT NULL
) ENGINE=InnoDB DEFAULT CHARSET=latin1;

-- ----------------------------
-- Records of sub_property_history
-- ----------------------------

-- ----------------------------
-- Table structure for `temp_property_accountability`
-- ----------------------------
DROP TABLE IF EXISTS `temp_property_accountability`;
CREATE TABLE `temp_property_accountability` (
  `pcode` varchar(50) NOT NULL,
  PRIMARY KEY (`pcode`)
) ENGINE=InnoDB DEFAULT CHARSET=latin1;

-- ----------------------------
-- Records of temp_property_accountability
-- ----------------------------

-- ----------------------------
-- Table structure for `transfer_request`
-- ----------------------------
DROP TABLE IF EXISTS `transfer_request`;
CREATE TABLE `transfer_request` (
  `request_code` int(11) NOT NULL,
  `id` int(11) NOT NULL,
  `qty` int(11) NOT NULL,
  `condition_id` int(2) NOT NULL,
  `old_loc_id` int(11) NOT NULL,
  `new_loc_id` int(11) NOT NULL,
  `transfer_to` varchar(30) NOT NULL,
  `released_from` varchar(30) NOT NULL,
  `remarks` varchar(300) DEFAULT NULL,
  `date_request` datetime NOT NULL,
  `emp_approval` int(1) NOT NULL,
  PRIMARY KEY (`id`,`condition_id`,`old_loc_id`,`released_from`,`request_code`)
) ENGINE=InnoDB DEFAULT CHARSET=latin1;

-- ----------------------------
-- Records of transfer_request
-- ----------------------------

-- ----------------------------
-- Table structure for `transfer_request_history`
-- ----------------------------
DROP TABLE IF EXISTS `transfer_request_history`;
CREATE TABLE `transfer_request_history` (
  `ctrl_no` varchar(30) NOT NULL,
  `sy` varchar(4) NOT NULL,
  `no` int(11) NOT NULL,
  `request_code` int(11) NOT NULL,
  `id` int(11) NOT NULL,
  `qty` int(11) NOT NULL,
  `condition_id` int(2) NOT NULL,
  `old_loc_id` int(11) NOT NULL,
  `new_loc_id` int(11) NOT NULL,
  `transfer_to` varchar(30) NOT NULL,
  `released_from` varchar(30) NOT NULL,
  `remarks` varchar(300) DEFAULT NULL,
  `date_approved` datetime NOT NULL,
  PRIMARY KEY (`id`,`condition_id`,`old_loc_id`,`released_from`,`ctrl_no`)
) ENGINE=InnoDB DEFAULT CHARSET=latin1;

-- ----------------------------
-- Records of transfer_request_history
-- ----------------------------

-- ----------------------------
-- View structure for `propertyaccountability`
-- ----------------------------
DROP VIEW IF EXISTS `propertyaccountability`;
CREATE ALGORITHM=UNDEFINED DEFINER=`root`@`localhost` SQL SECURITY DEFINER VIEW `propertyaccountability` AS select `a`.`property_id` AS `id`,`b`.`pcode` AS `pcode`,`b`.`sno` AS `sno`,`b`.`description` AS `description`,`c`.`location` AS `location`,`d`.`condition_info` AS `condition_info`,`a`.`emp_id` AS `emp_id`,`e`.`department` AS `department`,`a`.`qty` AS `qty`,`a`.`condition_id` AS `condition_id`,`b`.`uom` AS `uom`,`a`.`location_id` AS `location_id`,concat(`e`.`last_name`,', ',`e`.`first_name`) AS `emp_name` from ((((`property_accountability` `a` left join `property` `b` on((`a`.`property_id` = `b`.`id`))) left join `location` `c` on((`a`.`location_id` = `c`.`id`))) left join `condition_info` `d` on((`a`.`condition_id` = `d`.`id`))) join `account_table` `e` on((`a`.`emp_id` = `e`.`emp_id`)));

-- ----------------------------
-- View structure for `propertyaccountabilitynot`
-- ----------------------------
DROP VIEW IF EXISTS `propertyaccountabilitynot`;
CREATE ALGORITHM=UNDEFINED DEFINER=`root`@`localhost` SQL SECURITY DEFINER VIEW `propertyaccountabilitynot` AS select `a`.`property_id` AS `id`,`b`.`pcode` AS `pcode`,`b`.`sno` AS `sno`,`b`.`description` AS `description`,`c`.`location` AS `location`,`d`.`condition_info` AS `condition_info`,`a`.`emp_id` AS `emp_id`,`e`.`department` AS `department`,`a`.`qty` AS `qty`,`a`.`condition_id` AS `condition_id`,`b`.`uom` AS `uom`,`a`.`location_id` AS `location_id`,concat(`e`.`last_name`,', ',`e`.`first_name`) AS `emp_name` from ((((`property_accountability` `a` left join `property` `b` on((`a`.`property_id` = `b`.`id`))) left join `location` `c` on((`a`.`location_id` = `c`.`id`))) left join `condition_info` `d` on((`a`.`condition_id` = `d`.`id`))) join `account_table` `e` on((`a`.`emp_id` = `e`.`emp_id`))) where (`a`.`emp_id` = NULL);

-- ----------------------------
-- View structure for `propertymainteview`
-- ----------------------------
DROP VIEW IF EXISTS `propertymainteview`;
CREATE ALGORITHM=UNDEFINED DEFINER=`root`@`localhost` SQL SECURITY DEFINER VIEW `propertymainteview` AS select `property`.`id` AS `id`,`property`.`pcode` AS `pcode`,`property`.`sno` AS `sno`,`property`.`description` AS `description`,`property`.`brand` AS `brand`,`property`.`model` AS `model`,`property`.`minor_category` AS `minor_category`,`property`.`uom` AS `uom`,`property`.`cost` AS `cost`,`property`.`date_acquired` AS `date_acquired`,`property`.`or_number` AS `or_number`,`property_accountability`.`qty` AS `qty`,`major_category`.`depreciate_yr` AS `depreciate_yr` from (((`property` left join `minor_category` on((`property`.`minor_category` = `minor_category`.`id`))) left join `major_category` on((`minor_category`.`major_id` = `major_category`.`id`))) left join `property_accountability` on((`property`.`id` = `property_accountability`.`property_id`)));

-- ----------------------------
-- View structure for `showborrows`
-- ----------------------------
DROP VIEW IF EXISTS `showborrows`;
CREATE ALGORITHM=UNDEFINED DEFINER=`root`@`localhost` SQL SECURITY DEFINER VIEW `showborrows` AS select `a`.`id` AS `id`,`b`.`pcode` AS `pcode`,`b`.`sno` AS `sno`,`b`.`description` AS `description`,`c`.`location` AS `location`,`d`.`condition_info` AS `condition_info`,`a`.`transfer_to` AS `transfer_to`,`e`.`department` AS `department`,`a`.`qty` AS `qty`,`a`.`condition_id` AS `condition_id`,`b`.`uom` AS `uom`,`a`.`new_loc_id` AS `new_loc_id`,concat(`f`.`last_name`,', ',`f`.`first_name`) AS `borrowedTo`,`a`.`date_approved` AS `date_approved` from (((((`borrow_request` `a` left join `property` `b` on((`a`.`id` = `b`.`id`))) left join `location` `c` on((`a`.`new_loc_id` = `c`.`id`))) left join `condition_info` `d` on((`a`.`condition_id` = `d`.`id`))) join `account_table` `e` on((`a`.`transfer_to` = `e`.`emp_id`))) join `account_table` `f` on((`a`.`released_from` = `f`.`emp_id`)));

-- ----------------------------
-- View structure for `showpropertyborrow`
-- ----------------------------
DROP VIEW IF EXISTS `showpropertyborrow`;
CREATE ALGORITHM=UNDEFINED DEFINER=`root`@`localhost` SQL SECURITY DEFINER VIEW `showpropertyborrow` AS select `a`.`ctrl_no` AS `ctrl_no`,`a`.`qty` AS `qty`,concat(`b`.`last_name`,', ',`b`.`first_name`) AS `borrowed_to`,concat(`c`.`last_name`,', ',`c`.`first_name`) AS `released_from`,`a`.`date_approved` AS `date_approved` from ((`borrow_request_history` `a` left join `account_table` `b` on((`a`.`borrowed_to` = `b`.`emp_id`))) left join `account_table` `c` on((`a`.`borrowed_to` = `c`.`emp_id`))) group by `a`.`ctrl_no`;

-- ----------------------------
-- View structure for `showpropertytransfer`
-- ----------------------------
DROP VIEW IF EXISTS `showpropertytransfer`;
CREATE ALGORITHM=UNDEFINED DEFINER=`root`@`localhost` SQL SECURITY DEFINER VIEW `showpropertytransfer` AS select `a`.`ctrl_no` AS `ctrl_no`,count(`a`.`id`) AS `items_transferred`,concat(`b`.`last_name`,', ',`b`.`first_name`) AS `transfer_to`,concat(`c`.`last_name`,', ',`c`.`first_name`) AS `released_from`,`a`.`date_approved` AS `date_approved` from ((`transfer_request_history` `a` left join `account_table` `b` on((`a`.`transfer_to` = `b`.`emp_id`))) left join `account_table` `c` on((`a`.`released_from` = `c`.`emp_id`))) group by `a`.`ctrl_no`;

-- ----------------------------
-- View structure for `transferview`
-- ----------------------------
DROP VIEW IF EXISTS `transferview`;
CREATE ALGORITHM=UNDEFINED DEFINER=`root`@`localhost` SQL SECURITY DEFINER VIEW `transferview` AS select `a`.`property_id` AS `id`,`a`.`condition_id` AS `condition_id`,`a`.`remarks` AS `remarks`,`b`.`pcode` AS `pcode`,`b`.`sno` AS `sno`,`b`.`description` AS `property_description`,`b`.`brand` AS `brand`,`b`.`model` AS `model`,`c`.`description` AS `major_description`,`d`.`description` AS `minor_description`,`a`.`qty` AS `qty`,`b`.`uom` AS `uom`,`a`.`location_id` AS `location_id`,`e`.`location` AS `location`,`b`.`cost` AS `cost`,`f`.`condition_info` AS `condition_info`,`g`.`emp_id` AS `emp_id`,`g`.`first_name` AS `first_name`,`g`.`last_name` AS `last_name`,`g`.`department` AS `department` from ((((((`property_accountability` `a` left join `property` `b` on((`a`.`property_id` = `b`.`id`))) left join `minor_category` `d` on((`b`.`minor_category` = `d`.`id`))) left join `major_category` `c` on((`d`.`major_id` = `c`.`id`))) left join `location` `e` on((`a`.`location_id` = `e`.`id`))) left join `condition_info` `f` on((`a`.`condition_id` = `f`.`id`))) left join `account_table` `g` on((`a`.`emp_id` = `g`.`emp_id`)));
